,Compound Score,Negative Score,Neutral Score,News Outlet,Positive Score,Tweet Text,Tweet Time,Tweets Ago
0,0.0,0.0,1.0,BBC,0.0,"What's that David Attenborough... it's coming home? üè¥Û†ÅßÛ†Å¢Û†Å•Û†ÅÆÛ†ÅßÛ†ÅøÔ∏è‚öΩÔ∏èüèÜüòÜ

üîä Turn your sound on!  üîä

#WorldCup #ThreeLions‚Ä¶ https://t.co/fkYYIqg2fO",Wed Jul 11 16:01:05 +0000 2018,1
1,0.0,0.0,1.0,BBC,0.0,The National Gallery has acquired its first work by a woman for 27 years. üñå https://t.co/WkCtpvqKtN https://t.co/NZRjCCw3z5,Wed Jul 11 13:03:06 +0000 2018,2
2,0.5994,0.0,0.692,BBC,0.308,"The last time #ENG played a #WorldCup Semi Final, @bbceastenders looked like this... https://t.co/JeYtBettzm",Wed Jul 11 11:32:03 +0000 2018,3
3,0.3612,0.0,0.884,BBC,0.116,"ü§î Game Boys, Vanilla Ice and a new TV programme called 'The Simpsons'... 

This is what #England looked like last t‚Ä¶ https://t.co/YTCXpNJvqb",Wed Jul 11 11:02:02 +0000 2018,4
4,0.0,0.0,1.0,BBC,0.0,"RT @BBCSport: Just hold on...it's coming home.

#WorldCup #ThreeLions https://t.co/TCTpYhNV1s",Wed Jul 11 09:53:20 +0000 2018,5
5,0.5719,0.0,0.829,BBC,0.171,"This will give you goosebumps. 

The last time England won a #WorldCup semi-final it was a 2-1 victory over Portuga‚Ä¶ https://t.co/2gRGni9S3y",Wed Jul 11 09:32:05 +0000 2018,6
6,-0.2732,0.095,0.905,BBC,0.0,"In this city, a six-figure salary is considered 'low income' and not enough for a family of four to get by on.‚Ä¶ https://t.co/1qyDWTPSrG",Wed Jul 11 09:04:05 +0000 2018,7
7,0.5859,0.0,0.798,BBC,0.202,"#BluePlanet2 ‚úÖ 
That unforgettable concert ‚úÖ 
Brilliant Bedtime Stories ‚úÖ
A new Doctor ‚úÖ
and so much more. Here are‚Ä¶ https://t.co/ZVSKIHOXDk",Wed Jul 11 08:00:00 +0000 2018,8
8,0.5018,0.0,0.755,BBC,0.245,"RT @BBCSport: More of this please! üòä

#ENGCRO #ENG #ThreeLions #bbcworldcup https://t.co/706Vsdfy2Y",Wed Jul 11 07:39:04 +0000 2018,9
9,-0.8402,0.429,0.571,BBC,0.0,"üíà‚öΩÔ∏èüôåüèæ Dead trims, missed penalties, 30 yard screamers, calling players out, football coming home...‚Ä¶ https://t.co/ZrrQJ1Qn9h",Wed Jul 11 07:33:03 +0000 2018,10
10,0.0,0.0,1.0,BBC,0.0,"üå°üî•‚òÄÔ∏è This one goes out to all the gingers braving the sun today... 

https://t.co/4Ed3y2Xp0f",Wed Jul 11 07:03:05 +0000 2018,11
11,0.0,0.0,1.0,BBC,0.0,"The heatwave has unveiled ancient hillforts and Roman settlements in Wales. üëâ
 https://t.co/L1VdHWkMP7 https://t.co/luXjJV5v3Y",Tue Jul 10 20:02:05 +0000 2018,12
12,0.0,0.0,1.0,BBC,0.0,"Take a look at the rollercoaster years at Nokia, a company that dominated a nation. 

The Rise and Fall of Nokia |‚Ä¶ https://t.co/7uflzUaeTj",Tue Jul 10 19:04:02 +0000 2018,13
13,0.8625,0.0,0.556,BBC,0.444,"Can you feel richer by giving your money away? üí∏ This lottery winner thinks so.

https://t.co/BgKlrEfssV",Tue Jul 10 18:04:04 +0000 2018,14
14,0.7717,0.0,0.676,BBC,0.324,"'I wanted to live inside you like a parasite'. 

A letter to my first love üíåüëâ https://t.co/batgnuHRoi https://t.co/G0kGuLzHqU",Tue Jul 10 17:31:05 +0000 2018,15
15,-0.8338,0.34,0.593,BBC,0.066,"üôÖNo one likes making mistakes, but messing up isn‚Äôt always a bad thing.

Here are six reasons why making mistakes c‚Ä¶ https://t.co/N7jMLZKLcE",Tue Jul 10 15:32:02 +0000 2018,16
16,0.7269,0.0,0.711,BBC,0.289,"RT @bbctennis: Serena Williams has some pretty big names supporting her.

Oh hey, @Drake 

LIVEüëâhttps://t.co/RIpcahMeKm
üì∫ @BBCOne 
#bbctenn‚Ä¶",Tue Jul 10 15:14:38 +0000 2018,17
17,0.6763,0.079,0.68,BBC,0.242,"No one does strawberries like we do in Britain! üçìüá¨üáßüç¶

Now they're in season, make the most of these delicious straw‚Ä¶ https://t.co/QKdHxenZNu",Tue Jul 10 13:01:05 +0000 2018,18
18,0.4939,0.0,0.868,BBC,0.132,'Everyone safe': all 12 members of a Thai youth football team and their coach have been brought safely out of the c‚Ä¶ https://t.co/c5bzSFM2ND,Tue Jul 10 12:18:03 +0000 2018,19
19,0.0,0.0,1.0,BBC,0.0,"Neelam and Dinesh‚Äôs son Akash took his own life three years ago. 

Now they‚Äôre trying to get the British Asian comm‚Ä¶ https://t.co/pX5ZIH2mj3",Tue Jul 10 12:03:04 +0000 2018,20
20,0.4588,0.073,0.769,BBC,0.158,"Ever found something weird and wonderful on a British beach? 

@BBCFOUR will be LIVE from the Jurassic Coast next w‚Ä¶ https://t.co/CY4ej7SjQh",Tue Jul 10 11:33:00 +0000 2018,21
21,-0.5632,0.188,0.812,BBC,0.0,"Have you ever seen a baby puffin? üê£

Experts worry we may not get the chance in the future if Scotland‚Äôs puffin pop‚Ä¶ https://t.co/uRKs7VXQMv",Tue Jul 10 11:04:01 +0000 2018,22
22,0.0,0.0,1.0,BBC,0.0,RT @bbcweather: Remember to look up around 1pm today if you're in London / SE / Suffolk / Colchester / Chelmsford for the @RoyalAirForce #R‚Ä¶,Tue Jul 10 09:17:05 +0000 2018,23
23,0.3612,0.0,0.884,BBC,0.116,"RT @BBCOne: ‚ÄúI felt like a piece of meat at a meat market‚Äù.

@BBCPanorama investigates President Donald Trump.

Tonight | 8.30pm | BBC One‚Ä¶",Tue Jul 10 09:06:27 +0000 2018,24
24,0.8402,0.0,0.5,BBC,0.5,RT @BBCNews: Cave rescue: Divers ready to save remaining five Thais https://t.co/ed7GteDLor,Tue Jul 10 08:59:10 +0000 2018,25
25,0.0,0.0,1.0,BBC,0.0,"RT @bbcweather: London's sunset last night, photographed by Funda Cizgenakad. Jo https://t.co/gijPHaWMpa",Tue Jul 10 08:56:04 +0000 2018,26
26,0.4939,0.0,0.856,BBC,0.144,"RT @BBCSport: We have some exciting news...

@andy_murray will be joining the BBC commentary team this week at @Wimbledon 

üëâ https://t.co/‚Ä¶",Tue Jul 10 08:55:48 +0000 2018,27
27,0.0,0.0,1.0,BBC,0.0,"Sue has looked after lots of orphaned wombats before, but Stacy is a real handful! üò≥

https://t.co/JCFTLP1Xjg",Tue Jul 10 08:05:02 +0000 2018,28
28,0.5719,0.0,0.829,BBC,0.171,"Today, @sophieraworth presents live coverage of events to celebrate 100 years of aviation and endeavour in the Roya‚Ä¶ https://t.co/l0Of2zTYaH",Tue Jul 10 07:29:03 +0000 2018,29
29,0.6369,0.0,0.833,BBC,0.167,"The greatest ice skater of all time, John Curry transformed a dated sport into an art form and made history by beco‚Ä¶ https://t.co/rKqQzp8Gv5",Mon Jul 09 20:02:05 +0000 2018,30
30,0.5994,0.0,0.818,BBC,0.182,"‚ÄúI want to tell you honey you are the hero in my heart‚Äù

Saman Gunan's wife and father tell @BBCWorld about the man‚Ä¶ https://t.co/axL8XkMgc0",Mon Jul 09 19:02:06 +0000 2018,31
31,0.4767,0.0,0.78,BBC,0.22,"That time David Attenborough made friends with a baby rhino. üò≠‚ù§Ô∏èÔ∏èü¶è #Africa 

https://t.co/Z5F0jaNk57",Mon Jul 09 18:02:03 +0000 2018,32
32,0.6705,0.085,0.656,BBC,0.259,"A 'dogumentary' like no other, discover the world of the Mucky Pups luxury dog spa. üíÖüê©

Puppy Love | 7:30pm |‚Ä¶ https://t.co/EJYSH7Ckpm",Mon Jul 09 17:32:03 +0000 2018,33
33,0.9403,0.0,0.505,BBC,0.495,"Although they're great fun, they're not always great for the environment... 

Here's how to go to a festival withou‚Ä¶ https://t.co/tvnMfnCrlL",Mon Jul 09 16:04:04 +0000 2018,34
34,0.0,0.0,1.0,BBC,0.0,"RT @BBCBreaking: Prince Louis arrives for his christening service at the Chapel Royal, St James's Palace

https://t.co/TGe9Ld5mpM https://t‚Ä¶",Mon Jul 09 15:51:05 +0000 2018,35
35,0.8268,0.0,0.675,BBC,0.325,"RT @BBCRadio2: Happy International Town Criers' Day! Watch @chestercrier teach @ed_miliband how to do the perfect ""oyez""  üó£ https://t.co/Ha‚Ä¶",Mon Jul 09 15:20:14 +0000 2018,36
36,0.8221,0.0,0.664,BBC,0.336,"""Can I drum?‚Äù ü•Åü§∑‚Äç‚ôÇÔ∏è

This is the amazing moment when @thekillers let a fan join them on stage at @TRNSMTfest! üôå‚Ä¶ https://t.co/6DnHpaJxer",Mon Jul 09 14:29:05 +0000 2018,37
37,-0.5423,0.22,0.78,BBC,0.0,"RT @BBCBreaking: Boris Johnson resigns as UK Foreign Secretary, following the resignation of Brexit Secretary David Davis https://t.co/gFKn‚Ä¶",Mon Jul 09 14:23:06 +0000 2018,38
38,0.4215,0.0,0.872,BBC,0.128,"Divers have rescued four more boys from the vast flooded cave system in northern Thailand.

Follow live updates her‚Ä¶ https://t.co/cuWPaHhVTW",Mon Jul 09 14:17:04 +0000 2018,39
39,-0.4767,0.205,0.795,BBC,0.0,"Searching for the 'angel' who held me during the Westminster attack. 

https://t.co/Hgb96AhD1J https://t.co/SPXbsc6t1A",Mon Jul 09 13:03:05 +0000 2018,40
40,0.6597,0.115,0.531,BBC,0.354,"RT @bbctennis: The number of Grand Slam singles titles won by today's Centre Court players.

üèÜüèÜüèÜüèÜüèÜüèÜüèÜüèÜüèÜüèÜüèÜüèÜüèÜüèÜüèÜüèÜüèÜüèÜüèÜüèÜüèÜüèÜüèÜüèÜüèÜüèÜüèÜüèÜüèÜüèÜüèÜüèÜüèÜüèÜüèÜüèÜüèÜüèÜüèÜüèÜüèÜüèÜüèÜüèÜüèÜüèÜ‚Ä¶",Mon Jul 09 12:18:40 +0000 2018,41
41,0.0,0.0,1.0,BBC,0.0,"'I spread happiness': meet Irene, a yoga teacher who teaches in prisons. üßò

https://t.co/LkBRZK5BJe",Mon Jul 09 12:01:04 +0000 2018,42
42,-0.5255,0.166,0.834,BBC,0.0,"What's wrong with the way we decorated?! üòÇüõÄüë∑

Couple find a 23-year-old hidden message while refurbishing their bat‚Ä¶ https://t.co/gfFrVjlZee",Mon Jul 09 11:03:02 +0000 2018,43
43,0.0,0.0,1.0,BBC,0.0,Prince Louis will be christened later in a private ceremony in the Chapel Royal at St James's Palace. üë∂‚Ä¶ https://t.co/NOvYzzMN0F,Mon Jul 09 10:03:09 +0000 2018,44
44,0.25,0.0,0.913,BBC,0.087,RT @BBCWorld: Cave divers in Thailand are poised to restart the high-risk operation to extract the remaining eight boys and their football‚Ä¶,Mon Jul 09 08:51:27 +0000 2018,45
45,-0.6486,0.281,0.719,BBC,0.0,RT @BBCWorld: Japan floods: At least 100 dead in record rainfall https://t.co/SyQmfJ7R2J,Mon Jul 09 08:51:21 +0000 2018,46
46,0.6597,0.0,0.795,BBC,0.205,"RT @bbcgetinspired: Way back when @England winning the #WorldCup was just a pipe dream, we caught up with Gareth Southgate to find out his‚Ä¶",Mon Jul 09 08:51:17 +0000 2018,47
47,0.0,0.0,1.0,BBC,0.0,"RT @BBCArchive: #OnThisDay 2001: The Office was first broadcast, on @BBCTwo. https://t.co/TgfV8bNhy4",Mon Jul 09 08:51:06 +0000 2018,48
48,0.5719,0.0,0.701,BBC,0.299,"What's it like living with OCD? These people share their experience. 
#TrustMeImADoctor https://t.co/Ed41awcqEM",Mon Jul 09 08:03:05 +0000 2018,49
49,-0.0516,0.085,0.915,BBC,0.0,"'I didn‚Äôt leave the house for three months because of my anxiety.'
üëâ https://t.co/8q5C6bvqI7 https://t.co/qlAwtudj5E",Mon Jul 09 07:27:05 +0000 2018,50
50,0.0,0.0,1.0,BBC,0.0,‚ö° This Korean entrepreneur has an idea that could revolutionise how power is generated. https://t.co/csjLDoyZoN,Mon Jul 09 07:00:09 +0000 2018,51
51,0.4019,0.0,0.787,BBC,0.213,"Justin Bieber 'engaged to Hailey Baldwin', US media say. üëâ https://t.co/j8cKfq8AtD https://t.co/HkqnZAQJi4",Sun Jul 08 21:07:05 +0000 2018,52
52,-0.6908,0.207,0.793,BBC,0.0,"RT @BBCBreaking: UK police launch murder inquiry after Dawn Sturgess, 44, dies after exposure to nerve agent Novichok https://t.co/adk3o7Sj‚Ä¶",Sun Jul 08 20:52:12 +0000 2018,53
53,0.0,0.0,1.0,BBC,0.0,"‚úäüõçüõí This family have changed their shopping habits to reduce their plastic footprint.
#PlasticsAction https://t.co/RL3U1Vk7EN",Sun Jul 08 20:05:00 +0000 2018,54
54,0.0,0.0,1.0,BBC,0.0,‚ù§Ô∏è This man is cleaning all 388 Holocaust plaques in his city. https://t.co/AfdxFBxxJ4,Sun Jul 08 19:04:02 +0000 2018,55
55,-0.6908,0.439,0.561,BBC,0.0,'Did air pollution kill my daughter?' https://t.co/XzWSWFga6S,Sun Jul 08 18:04:02 +0000 2018,56
56,0.5106,0.0,0.864,BBC,0.136,"The operation to free 12 boys and their coach from a cave in northern Thailand is running ""smoothly"", the head of t‚Ä¶ https://t.co/fbCN1JeN1K",Sun Jul 08 17:32:05 +0000 2018,57
57,0.5994,0.0,0.794,BBC,0.206,"üé∂üéª‚ú® Tonight, @thekatiederham introduces 2018's open-air concert from the magnificent gardens of the Schonbrunn Pala‚Ä¶ https://t.co/AHAYPRtAJn",Sun Jul 08 17:02:03 +0000 2018,58
58,0.0,0.0,1.0,BBC,0.0,"Look back at the 2008 #Wimbledon final between @rogerfederer and @RafaelNadal, widely acknowledged as one of the gr‚Ä¶ https://t.co/bNcdnjna2s",Sun Jul 08 16:03:04 +0000 2018,59
59,0.0,0.0,1.0,BBC,0.0,"‚ö°Ô∏è This 15-year-old inventor is bringing cheap electricity to the developing world. 
(via @BBCThree) https://t.co/UWVzHhRs12",Sun Jul 08 15:02:07 +0000 2018,60
60,-0.0258,0.114,0.774,BBC,0.111,"RT @BBCWorld: Nine boys and their coach will spend another night trapped in Thai cave, as rescue operation is paused for at least 10 hours‚Ä¶",Sun Jul 08 14:59:01 +0000 2018,61
61,0.0,0.0,1.0,BBC,0.0,"üçÑ Increasingly, scientists are looking at whether some mind-altering drugs might also have the potential to be mind‚Ä¶ https://t.co/srd1w793nY",Sun Jul 08 14:02:01 +0000 2018,62
62,0.4215,0.0,0.741,BBC,0.259,RT @BBCNews: First boys 'rescued from Thailand cave' https://t.co/86U00UcvHn,Sun Jul 08 13:08:43 +0000 2018,63
63,0.5574,0.0,0.714,BBC,0.286,The remarkable Viking discovery on the Isle of Skye. https://t.co/QV4CIcIO9L,Sun Jul 08 13:03:02 +0000 2018,64
64,0.5859,0.0,0.725,BBC,0.275,"""Y'alright love?""

üòÇ This crow has a Yorkshire accent and it's amazing. https://t.co/3J8BQGiZM7",Sun Jul 08 12:06:07 +0000 2018,65
65,-0.2732,0.095,0.905,BBC,0.0,"Whether your whole household is vegetarian or you're just trying to cut down on your meat intake, everyone will lov‚Ä¶ https://t.co/mvwy1TIacc",Sun Jul 08 11:03:07 +0000 2018,66
66,0.0,0.0,1.0,BBC,0.0,These little eels have travelled all the way from near the Bahamas to Scotland. https://t.co/P1oXYtSXD1,Sun Jul 08 10:02:04 +0000 2018,67
67,-0.25,0.123,0.794,BBC,0.083,"üò≥üèù Still haunted by the image of Pierce Brosnan dancing in flippers? Well, he‚Äôs back. 

üé•üçø These are the nine films‚Ä¶ https://t.co/Xw6O9UYha4",Sun Jul 08 09:03:05 +0000 2018,68
68,-0.1531,0.085,0.853,BBC,0.062,"RT @bbc5live: Just in case you missed this last night on @bbc5live 

28 years on from Italia 90, @chriswaddle93 gets emotional as England m‚Ä¶",Sun Jul 08 08:12:23 +0000 2018,69
69,0.765,0.0,0.777,BBC,0.223,"RT @BBCWorld: Hang on boys, rescue is coming. üêóüáπüá≠

The mission to rescue 12 boys and football coach from a cave in Thailand has begun - and‚Ä¶",Sun Jul 08 08:12:10 +0000 2018,70
70,0.0,0.0,1.0,BBC,0.0,"RT @BBCFood: 7 recipes for all the gluten-free people deciding what to have to breakfast ü§∑‚Äç‚ôÄ
https://t.co/vP56pf2KB1 https://t.co/zwNCvt0kKr",Sun Jul 08 08:12:00 +0000 2018,71
71,0.826,0.0,0.566,BBC,0.434,RT @BBCBreakfast: Everyone needs this delicious dose of doggy cuteness üòçüòç https://t.co/Bq4AebzsRy,Sun Jul 08 08:11:54 +0000 2018,72
72,-0.802,0.324,0.676,BBC,0.0,RT @BBCNewsNI: Motorcycle racer William Dunlop killed in a crash at the Skerries 100 road races https://t.co/6m5CFDY1Jp https://t.co/53B15j‚Ä¶,Sun Jul 08 08:11:03 +0000 2018,73
73,0.6696,0.0,0.572,BBC,0.428,üòçüèù Paradise is on our doorstep!  https://t.co/BWrCJcIzHl,Sun Jul 08 08:02:03 +0000 2018,74
74,0.0,0.0,1.0,BBC,0.0,'You don't look autistic' and other things not to say to people with autism. https://t.co/1GQS1Icvms,Sat Jul 07 19:09:04 +0000 2018,75
75,0.3818,0.0,0.852,BBC,0.148,"A South African woman is recovering in hospital after being discovered alive in a mortuary fridge.
üëâ‚Ä¶ https://t.co/IhrhDG1W2A",Sat Jul 07 18:05:03 +0000 2018,76
76,-0.6908,0.388,0.612,BBC,0.0,The women paid to cry at the funerals of strangers. https://t.co/oF6wA0ecwI,Sat Jul 07 17:05:04 +0000 2018,77
77,0.0,0.0,1.0,BBC,0.0,These are the nine TV shows you NEED to watch in July. ‚òÄÔ∏èüì∫üå° https://t.co/p1pIcjGKap https://t.co/QCXpJOUav1,Sat Jul 07 16:03:07 +0000 2018,78
78,0.0,0.0,1.0,BBC,0.0,"What a moment! Ô∏è‚öΩÔ∏èüëè

England are into the #WorldCup semi-finals for the first time since 1990. üëâ‚Ä¶ https://t.co/jCgcFi9kjg",Sat Jul 07 16:01:37 +0000 2018,79
79,0.0,0.0,1.0,BBC,0.0,RT @BBCSport: Hey Zlatan... you owe David Beckham dinner! üòâ #ENGSWE #bbcworldcup #ThreeLions https://t.co/Kf8auWDumI,Sat Jul 07 15:55:59 +0000 2018,80
80,0.2462,0.0,0.914,BBC,0.086,"RT @BBCSport: THEY'VE DONE IT!

England have reached a #WorldCup semi-final for the first time since 1990!

FT: #SWE 0-2 #ENG 

Reaction:
üì∫‚Ä¶",Sat Jul 07 15:55:41 +0000 2018,81
81,0.4019,0.0,0.787,BBC,0.213,üñº How can virtual reality help visually impaired people 'see' art? https://t.co/9Ry7wblTsn,Sat Jul 07 15:08:04 +0000 2018,82
82,0.0,0.0,1.0,BBC,0.0,"BREAKING: News just in on the #Poldark set... 

#ENGSWE #ENG #WorldCup 

https://t.co/SXiXO99gi4",Sat Jul 07 13:57:03 +0000 2018,83
83,0.694,0.0,0.597,BBC,0.403,üòçüñº 10-year-old Kareem is an OUTSTANDING artist. https://t.co/Ip4X0w1dpc,Sat Jul 07 13:14:05 +0000 2018,84
84,0.0,0.0,1.0,BBC,0.0,"Can the #ThreeLions go one step further? Today England face Sweden in the #WorldCup quarter-finals. #ENGSWE

Englan‚Ä¶ https://t.co/z7uo1UoVvR",Sat Jul 07 12:51:07 +0000 2018,85
85,0.8516,0.0,0.617,BBC,0.383,"RT @BBCOne: To all the Delias out there, we hope you find your Patsy. Happy Pride! üåà #Pride2018 https://t.co/uBSjFODU1S",Sat Jul 07 12:36:36 +0000 2018,86
86,0.7003,0.0,0.674,BBC,0.326,RT @bbcthree: This Amazing Human uses coffee to give homeless people a second chance. https://t.co/NkhLSn6KTB,Sat Jul 07 12:36:04 +0000 2018,87
87,0.5719,0.0,0.812,BBC,0.188,"One. Step. Closer. Ô∏è‚öΩÔ∏è‚û°Ô∏èüè†

Here's what could happen if @England won the #WorldCup... 

#ENGSWE #ENG #ThreeLions

https://t.co/XXqMRopNvK",Sat Jul 07 12:31:04 +0000 2018,88
88,0.2023,0.147,0.63,BBC,0.223,"Scientists have designed a special type of drug that helps the body eat and destroy cancerous cells.
üëâ‚Ä¶ https://t.co/0kv12B5SRu",Sat Jul 07 12:02:02 +0000 2018,89
89,0.5719,0.0,0.812,BBC,0.188,From vegetarian chilli to truffle pots: celebrate #WolrdChocolateDay in style with these recipes from @BBCFood. üòçüç´‚Ä¶ https://t.co/mlGEbp1WII,Sat Jul 07 11:03:09 +0000 2018,90
90,0.0,0.0,1.0,BBC,0.0,üòÇ #Wimbledon has started and suddenly EVERYONE is a tennis expert. https://t.co/TYjCmdDXxP,Sat Jul 07 10:07:03 +0000 2018,91
91,0.0,0.0,1.0,BBC,0.0,üèÉüèª‚Äç‚ôÇÔ∏è Take a #parkour tour of Glasgow with Scotland's @RobbieJGriffith. https://t.co/SlvAKocTJ2,Sat Jul 07 09:04:06 +0000 2018,92
92,-0.5526,0.251,0.656,BBC,0.093,"RT @BBCSport: Stop EVERYTHING you are doing! ‚úã‚úã‚úã

Cancel your wedding! üë∞
Don't go shopping! üõç
The holiday can wait! ‚úàÔ∏è
Forget that first da‚Ä¶",Sat Jul 07 08:50:30 +0000 2018,93
93,-0.4019,0.15,0.773,BBC,0.077,"RT @bbceastenders: ‚ÄúI realised what an important story it was to tell.‚Äù
@Bonnie_Langford and @DavoodGhadami discuss the knife crime storyli‚Ä¶",Sat Jul 07 08:50:23 +0000 2018,94
94,-0.6486,0.301,0.699,BBC,0.0,RT @BBCNews: Steve Ditko: Spider-Man co-creator found dead at 90 https://t.co/Epd0LTJUKP,Sat Jul 07 08:38:06 +0000 2018,95
95,-0.34,0.16,0.738,BBC,0.102,"Seven years after her death, these previously unseen photographs show Amy Winehouse at ease in front of her friend'‚Ä¶ https://t.co/bYoqpBhIeV",Sat Jul 07 08:03:06 +0000 2018,96
96,-0.3818,0.178,0.822,BBC,0.0,"Yassine scavenged on the dump for eight years. Now he runs it. 

https://t.co/gUOhlrkv6P",Sat Jul 07 07:04:07 +0000 2018,97
97,-0.357,0.115,0.885,BBC,0.0,"üò∫üêæ They sweat through their paws and can't taste sweet things... 

16 things you never knew about cats üëâ‚Ä¶ https://t.co/IOfDUpm49v",Fri Jul 06 20:03:06 +0000 2018,98
98,0.0,0.0,1.0,BBC,0.0,"üé∂ It's coming home üé∂

@Baddiel and @FrankOnTheRadio's song is sweeping the nation (again!)

Here's the story of how‚Ä¶ https://t.co/FTaRd9YNiZ",Fri Jul 06 19:02:04 +0000 2018,99
99,-0.4019,0.403,0.597,BBC,0.0,üòÇ How annoying is this? https://t.co/Z2vtjhPZXH,Fri Jul 06 18:00:25 +0000 2018,100
100,0.0,0.0,1.0,CBS,0.0,Time to mark your calendars! CBS' fall 2018 premiere lineup has been announced: https://t.co/yYv3H9aEO7 https://t.co/lRxAA7suie,Mon Jul 09 23:55:07 +0000 2018,1
101,-0.3818,0.106,0.894,CBS,0.0,"RT @TKOCBS: The Ball Buster, the Frisboom, the Spike Launcher, and the Slammer‚Ä¶ Get to know all of the #TKO Battle Stations: https://t.co/2‚Ä¶",Mon Jul 09 18:53:34 +0000 2018,2
102,0.3182,0.0,0.897,CBS,0.103,"RT @cbsallaccess: How much does it cost to bury the truth? #OneDollar premieres August 30, exclusively on CBS All Access. https://t.co/2HdY‚Ä¶",Mon Jul 09 18:09:00 +0000 2018,3
103,0.4019,0.0,0.847,CBS,0.153,"RT @SalvationCBS: Mark your calendars, #Salvies: Monday's new #SalvationCBS will air at a special time, 10/9c. https://t.co/RUh1J7cfj8",Fri Jul 06 22:22:55 +0000 2018,4
104,0.7777,0.0,0.657,CBS,0.343,Happy #InternationalKissingDay! See which stars we caught locking lips on the CBS Kiss Cam. üòò https://t.co/oMPCHZlgCl,Fri Jul 06 18:26:37 +0000 2018,5
105,0.3612,0.0,0.898,CBS,0.102,Have you heard? Tonight's the first Live Show of #BB20. Grab a seat and get ready to watch the action unfold on CBS‚Ä¶ https://t.co/0YgRV1HLGd,Thu Jul 05 21:12:17 +0000 2018,6
106,0.3182,0.0,0.892,CBS,0.108,"How much does it cost to bury the truth? #OneDollar premieres Thursday, August 30, exclusively on CBS All Access.‚Ä¶ https://t.co/1tab8eCaFz",Mon Jul 02 21:13:11 +0000 2018,7
107,0.0,0.0,1.0,CBS,0.0,Take a first look at our @Comic_Con lineup along with details of what you can expect to see:‚Ä¶ https://t.co/JqBtlKcwq3,Mon Jul 02 20:47:32 +0000 2018,8
108,0.0,0.0,1.0,CBS,0.0,RT @TrueCrimeCBS: Two new true-crime series are set to premiere this July on CBS! Learn more about #Whistleblower and #PinkCollarCrimes bef‚Ä¶,Mon Jul 02 17:27:06 +0000 2018,9
109,0.5411,0.0,0.741,CBS,0.259,"If at first you don‚Äôt succeed on @PriceIsRight‚Ä¶bid, bid again! https://t.co/OWBaOsFZ3i",Mon Jul 02 17:00:02 +0000 2018,10
110,0.0,0.0,1.0,CBS,0.0,What‚Äôs summer without @CBSBigBrother? ‚òÄÔ∏è RT if you‚Äôre counting down the hours to the #BB20 premiere TONIGHT at 8/7c‚Ä¶ https://t.co/Xp1s4Fp5J8,Wed Jun 27 20:31:32 +0000 2018,11
111,0.7574,0.0,0.711,CBS,0.289,"It looks like you...

(‚Ä¢_‚Ä¢)
( ‚Ä¢_‚Ä¢)&gt;‚åê‚ñ†-‚ñ†
(‚åê‚ñ†_‚ñ†)

Have a lot of TV to watch!

Celebrate #NationalSunglassesDay with H‚Ä¶ https://t.co/Babt4ajIgV",Wed Jun 27 14:00:01 +0000 2018,12
112,0.5574,0.0,0.796,CBS,0.204,The world will finally know the truth. ‚òÑÔ∏è Make sure to tune in to the heart-pounding Season 2 premiere of‚Ä¶ https://t.co/mqMleW90DY,Mon Jun 25 18:20:25 +0000 2018,13
113,0.1867,0.0,0.902,CBS,0.098,Tonight's the night! Don't miss model @ashleygraham on the season finale of Celebrity @undercover_cbs at 8/7c. https://t.co/iBxAOcOF7a,Fri Jun 22 21:19:06 +0000 2018,14
114,0.4199,0.0,0.811,CBS,0.189,"Every day is #TakeYourDogToWorkDay for shows like @HawaiiFive0CBS, @MomCBS, @SEALTeamCBS, and @bigbangtheory! https://t.co/DJaOt1VQcw",Fri Jun 22 18:33:53 +0000 2018,15
115,0.4926,0.0,0.758,CBS,0.242,"Lights, camera, selfie! üì∏¬†Could there be a better photo for #NationalSelfieDay? https://t.co/14Ewx64yKC",Thu Jun 21 23:29:50 +0000 2018,16
116,0.3555,0.136,0.642,CBS,0.222,There‚Äôs nothing quite like watching a contestant win a brand new car on @PriceIsRight. üëè  https://t.co/aKlFikYAMM,Wed Jun 20 00:39:01 +0000 2018,17
117,0.0,0.0,1.0,CBS,0.0,Time to make your predictions for #BB20! üëè Get to know the @CBSBigBrother Houseguests before the big premiere next‚Ä¶ https://t.co/jlpIchJ9sk,Mon Jun 18 20:27:50 +0000 2018,18
118,0.0,0.0,1.0,CBS,0.0,RT @CBSBigBrother: Meet the cast of #BB20... before anyone else! Start streaming all their live interviews beginning at 11am EST/8am PST on‚Ä¶,Mon Jun 18 15:00:46 +0000 2018,19
119,0.9392,0.0,0.507,CBS,0.493,"Today and every day we celebrate their love, guidance, and support. Happy #FathersDay to every kind of dad! https://t.co/Wffax1khBH",Sun Jun 17 13:00:01 +0000 2018,20
120,0.3595,0.0,0.872,CBS,0.128,"Casting Alert! @paulwesley, @DaniaJRamirez &amp; @JamesWolk are set to star in the upcoming CBS All Access psychologica‚Ä¶ https://t.co/JnZMrzT92n",Fri Jun 15 18:48:29 +0000 2018,21
121,-0.296,0.167,0.833,CBS,0.0,"In case you missed it, watch the entire #TonyAwards now: https://t.co/Bm0yNV3Ff3 https://t.co/h3YnFkmSQJ",Thu Jun 14 17:30:00 +0000 2018,22
122,0.1779,0.12,0.734,CBS,0.147,RT @StrangeAngel: Mastermind or maniac? Explore the brilliant mind of Jack Parsons in #StrangeAngel. Now streaming on CBS All Access: https‚Ä¶,Thu Jun 14 16:19:32 +0000 2018,23
123,-0.5562,0.315,0.551,CBS,0.134,"No pain, no gain, ALL Hart! Just one month until the premiere of @TKOCBS hosted by @KevinHart4real. https://t.co/C1yMCglxVn",Tue Jun 12 00:19:23 +0000 2018,24
124,0.5093,0.0,0.829,CBS,0.171,"RT @TheNeighborhood: Welcome to #TheNeighborhood, @BethBehrs! The @2BrokeGirls star returns to @CBS in a new sitcom alongside @CedEntertain‚Ä¶",Mon Jun 11 22:23:06 +0000 2018,25
125,-0.296,0.167,0.833,CBS,0.0,"In case you missed it, watch the entire #TonyAwards now: https://t.co/Bm0yNV3Ff3 https://t.co/3GA5otlcPa",Mon Jun 11 19:01:38 +0000 2018,26
126,0.0,0.0,1.0,CBS,0.0,How do you know @SaraBareilles and @joshgroban's music? #TonyAwards https://t.co/POMXBORfUT,Mon Jun 11 14:00:37 +0000 2018,27
127,0.0,0.0,1.0,CBS,0.0,Here are all the performances from the 2018 #TonyAwards: https://t.co/gN4ItpFlRd https://t.co/fSMNBXKC9r,Mon Jun 11 06:19:36 +0000 2018,28
128,0.4767,0.0,0.78,CBS,0.22,See the complete list of winners from the 2018 #TonyAwards: https://t.co/9XK6CGeber https://t.co/HkUIN4Quej,Mon Jun 11 06:04:41 +0000 2018,29
129,0.8478,0.0,0.594,CBS,0.406,An end to a magical evening. The Band's Visit wins for Best Musical! #TonyAwards https://t.co/ODza97n8YH,Mon Jun 11 03:10:33 +0000 2018,30
130,0.92,0.0,0.537,CBS,0.463,Congratulations are in order for @TheKatrinaLenk! She just won for Best Leading Actress in a Musical. #TonyAwards https://t.co/t9bNvpiEmH,Mon Jun 11 03:02:06 +0000 2018,31
131,0.0,0.0,1.0,CBS,0.0,"RT @CBSThisMorning: Hmm... something seems off here @SaraBareilles @JoshGroban. üòÇ

@WaitressMusical @GreatCometBway #TonyAwards https://t.c‚Ä¶",Mon Jun 11 02:58:30 +0000 2018,32
132,0.4404,0.0,0.847,CBS,0.153,RT @_stobin13: watching the #TonyAwards after going to 3 broadway shows this weekend makes it even better üòçü§©,Mon Jun 11 02:56:40 +0000 2018,33
133,0.836,0.0,0.533,CBS,0.467,Tony Shalhoub wins Best Leading Actor in a Musical. #TonyAwards   #TheBandsVisit https://t.co/KcUDSicKI5,Mon Jun 11 02:56:10 +0000 2018,34
134,0.0,0.0,1.0,CBS,0.0,The Boss looks right at home on the #TonyAwards stage! https://t.co/pwjv4iydkn,Mon Jun 11 02:53:00 +0000 2018,35
135,0.6369,0.0,0.682,CBS,0.318,RT @Aatamianphoto: Springsteen is on the #TonyAwards and I love it.,Mon Jun 11 02:47:29 +0000 2018,36
136,0.7978,0.0,0.457,CBS,0.543,Inspiration: Get to your YES! #OnceOnThisIsland #TonyAwards https://t.co/Wjp0QIWfXq,Mon Jun 11 02:44:50 +0000 2018,37
137,0.9523,0.0,0.45,CBS,0.55,The feeling when you win a Tony. üôå¬†Congratulations to Once on This Island for winning Best Revival of a Musical!‚Ä¶ https://t.co/UpFCqgBTwh,Mon Jun 11 02:44:37 +0000 2018,38
138,0.5994,0.0,0.698,CBS,0.302,What a beautiful performance by the cast of #TheBandsVisit. #TonyAwards https://t.co/4Hw96kZvrf,Mon Jun 11 02:33:09 +0000 2018,39
139,0.4215,0.0,0.877,CBS,0.123,"""I'm a living example of how theatre can change you - and it didn't just change me, it saved me."" @JohnLeguizamo at‚Ä¶ https://t.co/4ICwMhb6hv",Mon Jun 11 02:29:18 +0000 2018,40
140,0.8932,0.0,0.483,CBS,0.517,Angels in America takes the win for Best Revival of a Play! #TonyAwards https://t.co/zodW61tw8a,Mon Jun 11 02:23:56 +0000 2018,41
141,0.0,0.0,1.0,CBS,0.0,"RT @leahableson: The Once On This Island Goat And Chicken made it to the broadcast, Mama WILL provide #TonyAwards",Mon Jun 11 02:21:03 +0000 2018,42
142,0.0,0.0,1.0,CBS,0.0,That performance was the GOAT. #TonyAwards https://t.co/mtoU92HipQ,Mon Jun 11 02:16:06 +0000 2018,43
143,0.8908,0.0,0.509,CBS,0.491,Harry Potter and the Cursed Child wins Best Play at the #TonyAwards! @HPPlayNYC https://t.co/WIqJQmtAlN,Mon Jun 11 02:11:03 +0000 2018,44
144,0.0,0.0,1.0,CBS,0.0,üé∂ ‚ÄúLet's dance this last dance tonight.‚Äù üé∂ #TonyAwards #DonnaSummerMusical https://t.co/UAIaglChfv,Mon Jun 11 02:05:47 +0000 2018,45
145,0.4926,0.0,0.738,CBS,0.262,Hope he brought enough birthday cake for everyone! #TonyAwards https://t.co/FlLbKV6oj8,Mon Jun 11 02:03:31 +0000 2018,46
146,0.5093,0.0,0.477,CBS,0.523,@writerlindsayb You're welcome! #TonyAwards,Mon Jun 11 01:58:48 +0000 2018,47
147,0.7579,0.0,0.435,CBS,0.565,RT @hjmayer8: I sure do love @DearEvanHansen üíô #TonyAwards,Mon Jun 11 01:53:17 +0000 2018,48
148,0.6467,0.0,0.752,CBS,0.248,"RT @Valerie4815: What a birthday present, the Tony audience singing happy birthday to you!! #TonyAwards",Mon Jun 11 01:51:16 +0000 2018,49
149,0.0,0.0,1.0,CBS,0.0,If only this performance could go on forever. #TonyAwards @FrozenBroadway https://t.co/p2BMUvyTxr,Mon Jun 11 01:38:23 +0000 2018,50
150,0.636,0.0,0.724,CBS,0.276,RT @anna_villanueva: Magnificent performance from the cast of @FrozenBroadway! #TonyAwards2018 #TonyAwards #Tonys,Mon Jun 11 01:37:36 +0000 2018,51
151,0.8834,0.0,0.437,CBS,0.563,Glenda Jackson wins Best Leading Actress in a Play. #TonyAwards @threetallwomen https://t.co/GRp1gcBuiW,Mon Jun 11 01:30:56 +0000 2018,52
152,0.0,0.0,1.0,CBS,0.0,.@SaraBareilles is totally a Gryffindor. #TonyAwards https://t.co/OPQ7esk2dn,Mon Jun 11 01:29:21 +0000 2018,53
153,0.7351,0.079,0.625,CBS,0.296,RT @IzzyNY202: How impressive are these Marjory Stoneman Douglas students? That #TonyAwards performance reduced me to tears. Amazing.,Mon Jun 11 01:26:03 +0000 2018,54
154,0.0,0.0,1.0,CBS,0.0,RT @KatLargent: MAGIC #TonyAwards,Mon Jun 11 01:25:59 +0000 2018,55
155,0.0,0.0,1.0,CBS,0.0,Such a touching moment at the #TonyAwards. ‚ù§Ô∏è https://t.co/4kJWTHVPZ8,Mon Jun 11 01:24:46 +0000 2018,56
156,0.4019,0.0,0.838,CBS,0.162,.@Matt_Morrison welcomes the Marjory Stoneman Douglas High School theatre department to the stage. #TonyAwards https://t.co/5dxa9smeka,Mon Jun 11 01:24:12 +0000 2018,57
157,0.9151,0.0,0.543,CBS,0.457,So many feels at the #TonyAwards. Congratulations to @arielstachel for winning Best Featured Actor in a Musical!‚Ä¶ https://t.co/m1aRNIHPRK,Mon Jun 11 01:19:59 +0000 2018,58
158,0.6369,0.0,0.625,CBS,0.375,RT @McBenefit: I love everything about you @UzoAduba. #TonyAwards,Mon Jun 11 01:12:31 +0000 2018,59
159,0.1511,0.0,0.898,CBS,0.102,RT if that musical number by the cast of Carousel blew you away! #TonyAwards https://t.co/CMzMNtcAQO,Mon Jun 11 01:08:28 +0000 2018,60
160,0.1531,0.0,0.852,CBS,0.148,Nathan Lane saw his #AngelsinAmerica role as a challenge. How will you challenge yourself in 2018? #TonyAwards https://t.co/3WXd6AqgBi,Mon Jun 11 01:08:24 +0000 2018,61
161,0.8834,0.0,0.437,CBS,0.563,Nathan Lane wins Best Featured Actor in a Play. #TonyAwards @angelsbway https://t.co/xc8M7JtLDE,Mon Jun 11 01:02:47 +0000 2018,62
162,0.0,0.0,1.0,CBS,0.0,üåü¬†@joshgroban and @SaraBareilles are Host Goals. üåü #TonyAwards https://t.co/OGQec8cXJ6,Mon Jun 11 00:58:06 +0000 2018,63
163,0.2714,0.0,0.793,CBS,0.207,RT @adub369: This is unbelievable! @SaraBareilles and @joshgroban #TonyAwards,Mon Jun 11 00:52:34 +0000 2018,64
164,0.0,0.0,1.0,CBS,0.0,Who lives in a pineapple and just performed at The Tonys? üççüé∂ The cast of SpongeBob SquarePants: The Musical!‚Ä¶ https://t.co/mvFxdh9UJi,Mon Jun 11 00:51:11 +0000 2018,65
165,0.8478,0.0,0.494,CBS,0.506,‚ú® @LindsayMendez wins Best Featured Actress in a Musical! #TonyAwards @carouselbway https://t.co/MtgFowscN5,Mon Jun 11 00:50:18 +0000 2018,66
166,0.8858,0.0,0.435,CBS,0.565,A big congratulations to @springsteen for his Special Tony award! ‚ú®¬†#TonyAwards https://t.co/i16u8uv9aT,Mon Jun 11 00:45:14 +0000 2018,67
167,0.0,0.0,1.0,CBS,0.0,Can the 73rd annual #TonyAwards just be three-hours of @TitussBurgess? https://t.co/3rCZwwTUtv,Mon Jun 11 00:44:36 +0000 2018,68
168,0.25,0.0,0.92,CBS,0.08,"RT @CBSThisMorning: ""We know there are a lot of you out there who have photos of yourself in school plays or community theater."" Post your‚Ä¶",Mon Jun 11 00:35:41 +0000 2018,69
169,0.4588,0.0,0.833,CBS,0.167,Keep your acceptance speeches short or else the #TonyAwards will get the angels involved. #AngelsInAmerica üëº https://t.co/oznhezRzDc,Mon Jun 11 00:34:45 +0000 2018,70
170,0.0,0.0,1.0,CBS,0.0,"If you haven't started singing, you will be the rest of the night. #TonyAwards #MyFairLady https://t.co/jbGXwnru8N",Mon Jun 11 00:31:28 +0000 2018,71
171,0.3612,0.0,0.737,CBS,0.263,RT @marialena_rago: I like this opener for @MyFairLadyBway #TonyAwards,Mon Jun 11 00:27:42 +0000 2018,72
172,0.8908,0.0,0.43,CBS,0.57,Laurie Metcalf wins Best Featured Actress in a Play! #TonyAwards @threetallwomen https://t.co/y4teyJaRPs,Mon Jun 11 00:27:00 +0000 2018,73
173,0.0,0.0,1.0,CBS,0.0,Tina Fey has a boat?? #MeanGirls #TonyAwards https://t.co/phYxmHMd3d,Mon Jun 11 00:24:31 +0000 2018,74
174,0.0,0.0,1.0,CBS,0.0,Representing the hardest-working men and women in Broadway‚Ä¶¬†ensemble members from every nominated musical tonight!‚Ä¶ https://t.co/imlEEnOUla,Mon Jun 11 00:22:15 +0000 2018,75
175,0.6369,0.0,0.588,CBS,0.412,RT @misschae: I love theatre so much. #TonyAwards,Mon Jun 11 00:22:15 +0000 2018,76
176,0.0,0.0,1.0,CBS,0.0,On Wednesdays they wear pink and on Sundays they perform at the #TonyAwards. üíï Who thought that performance by the‚Ä¶ https://t.co/w7QDkaX6kF,Mon Jun 11 00:18:16 +0000 2018,77
177,0.6369,0.0,0.756,CBS,0.244,"RT @MichaelJMoritz: ""We are all made perfectly and we all belong‚Äù - Andrew Garfield #TonyAwards",Mon Jun 11 00:13:27 +0000 2018,78
178,0.8834,0.0,0.437,CBS,0.563,Andrew Garfield wins Best Leading Actor in a Play. #TonyAwards @angelsbway https://t.co/s2VQnw6IPP,Mon Jun 11 00:12:31 +0000 2018,79
179,0.6696,0.0,0.64,CBS,0.36,"RT @nightingalen: Love this opening song! @joshgroban
@SaraBarreilles 
#TonyAwards",Mon Jun 11 00:06:39 +0000 2018,80
180,0.0,0.0,1.0,CBS,0.0,‚ú® @joshgroban and @SaraBareilles take the stage to begin an unforgettable evening. #TonyAwards https://t.co/y9uzlK2DzO,Mon Jun 11 00:04:15 +0000 2018,81
181,0.0,0.0,1.0,CBS,0.0,Grab your popcorn... it's time for the #TonyAwards! Go and stream the entire show now: https://t.co/Wo1algQHix https://t.co/JGYTk4NPDN,Sun Jun 10 23:59:00 +0000 2018,82
182,0.0,0.0,1.0,CBS,0.0,‚ú® @thegoodfight's Christine Baranski has arrived on the #TonyAwards red carpet! Watch LIVE at 8/7c on CBS! https://t.co/XnXAnPtRrc,Sun Jun 10 23:18:15 +0000 2018,83
183,0.0,0.0,1.0,CBS,0.0,"The hosts have arrived! We're LIVE with @SaraBareilles, @joshgroban and more on the #TonyAwards red carpet hosted b‚Ä¶ https://t.co/NtarbgywLe",Sun Jun 10 22:01:25 +0000 2018,84
184,0.4184,0.0,0.843,CBS,0.157,Tonight's the night! Join @etnow's @DDirecto on the #TonyAwards' red carpet starting at 5PM ET! https://t.co/hZLOSiIRAT,Sun Jun 10 15:00:01 +0000 2018,85
185,0.5093,0.0,0.845,CBS,0.155,These two know a thing or two about awards! Watch them light up the stage tomorrow at the #TonyAwards. ‚ú® https://t.co/KHVZp65oLS,Sat Jun 09 21:00:02 +0000 2018,86
186,0.0,0.0,1.0,CBS,0.0,Here's everything you need to know before watching the #TonyAwards this Sunday at 8/7c: https://t.co/jcRgNGmLUZ https://t.co/8suUhVPFK6,Sat Jun 09 16:00:00 +0000 2018,87
187,0.296,0.0,0.82,CBS,0.18,Join @etnow's @DDirecto this Sunday on the #TonyAwards' red carpet. https://t.co/7jS8g10KmY,Fri Jun 08 19:46:17 +0000 2018,88
188,0.0,0.0,1.0,CBS,0.0,Here's @laChanze with a reminder that you can stream the #TonyAwards this Sunday on CBS All Access! https://t.co/8TDEXzKmyQ,Fri Jun 08 15:00:03 +0000 2018,89
189,0.9078,0.0,0.564,CBS,0.436,"We all get by with a little help from our friends, so what better way to celebrate #NationalBestFriendsDay than to‚Ä¶ https://t.co/pIZezbBwaT",Fri Jun 08 13:58:15 +0000 2018,90
190,0.3612,0.0,0.872,CBS,0.128,"Get ready for show-stopping performances by the casts of the 2018 Tony-nominated shows Mean Girls, SpongeBob Square‚Ä¶ https://t.co/NiSx9Bbw0F",Thu Jun 07 17:03:26 +0000 2018,91
191,0.2732,0.105,0.719,CBS,0.176,Don‚Äôt miss a special performance from @springsteen this Sunday at the #TonyAwards: https://t.co/LYYdleaFwU https://t.co/IKkKoITH9y,Wed Jun 06 21:00:24 +0000 2018,92
192,0.3595,0.0,0.872,CBS,0.128,"RT @CBSThisMorning: .@SaraBareilles and @joshgroban are hosting this Sunday's @TheTonyAwards on @CBS! 

Wednesday, they'll join us LIVE on‚Ä¶",Wed Jun 06 00:08:30 +0000 2018,93
193,-0.4404,0.177,0.723,CBS,0.1,"RT @SU2C: SU2C telecast Co-Executive Producer Bradley Cooper sits down with Mitch Carbon, a pediatric cancer survivor who benefited from #S‚Ä¶",Tue Jun 05 22:23:35 +0000 2018,94
194,0.4574,0.0,0.824,CBS,0.176,RT @StrangeAngel: About last night... The #StrangeAngel screening party was a blast! Pun intended. üöÄüòè https://t.co/m64EcNmweY,Tue Jun 05 22:12:28 +0000 2018,95
195,0.5093,0.0,0.845,CBS,0.155,These CBS stars can really belt it out! Find out which celebs from your favorite shows are pitch-perfect:‚Ä¶ https://t.co/X4zMACFazB,Tue Jun 05 19:00:02 +0000 2018,96
196,0.0,0.0,1.0,CBS,0.0,"More stars are set to appear at the #TonyAwards, including @billyjoel, @amyschumer, and @katharinemcphee. See who e‚Ä¶ https://t.co/lPUocBcn9t",Tue Jun 05 15:04:41 +0000 2018,97
197,0.0,0.0,1.0,CBS,0.0,"The #TonyAwards are just days away, and @joshgroban and @SaraBareilles will bring all they've got to Broadway's Big‚Ä¶ https://t.co/eKkWn6ClSq",Mon Jun 04 17:00:00 +0000 2018,98
198,-0.3903,0.131,0.807,CBS,0.062,"Call us old-fashioned, but we donut want you missing out on #NationalDonutDay! Here are a few treats from us to you‚Ä¶ https://t.co/HpzN8bQ3SO",Fri Jun 01 17:39:17 +0000 2018,99
199,0.8442,0.0,0.664,CBS,0.336,Remember @Lin_Manuel‚Äôs beautiful sonnet from the 70th Annual Tony Awards¬Æ? Relive some of the greatest moments in‚Ä¶ https://t.co/IZjeQLd58C,Fri Jun 01 17:00:03 +0000 2018,100
200,-0.5859,0.192,0.808,CNN,0.0,"Microsoft is taking a stab at the cheap tablet market with the Surface Go, a 10-inch iPad competitor‚Ä¶ https://t.co/zxnNgxf8KP",Wed Jul 11 16:20:00 +0000 2018,1
201,0.0,0.0,1.0,CNN,0.0,"For the first time, compulsive sexual behavior -- commonly called sex addiction -- is classified as a mental health‚Ä¶ https://t.co/sBilefuhSL",Wed Jul 11 16:19:21 +0000 2018,2
202,-0.5267,0.159,0.841,CNN,0.0,A French bulldog named Darcy was given an oxygen mask on a JetBlue flight after showing signs of distress. Darcy's‚Ä¶ https://t.co/t8WhNEMAlA,Wed Jul 11 16:08:56 +0000 2018,3
203,0.0,0.0,1.0,CNN,0.0,"President Trump says he plans to give a copy of the Elton John hit song ""Rocket Man"" to North Korean leader Kim Jon‚Ä¶ https://t.co/VnGeDmCOyx",Wed Jul 11 16:00:02 +0000 2018,4
204,-0.4215,0.118,0.882,CNN,0.0,"Peanuts have long been the snack du jour for Southwest Airlines, but the airline will stop serving them as of Augus‚Ä¶ https://t.co/4ztLT4diKA",Wed Jul 11 15:55:10 +0000 2018,5
205,0.0,0.0,1.0,CNN,0.0,A Russian internet company with links to the Kremlin was among the firms to which Facebook gave an extension which‚Ä¶ https://t.co/6qmAIljBQx,Wed Jul 11 15:51:10 +0000 2018,6
206,0.5719,0.0,0.73,CNN,0.27,Why Puglia is a perfect Italy beach destination https://t.co/0NKLm51AdD via @CNNTravel https://t.co/H1KZnnrJGZ,Wed Jul 11 15:44:23 +0000 2018,7
207,0.0,0.0,1.0,CNN,0.0,German Chancellor Angela Merkel responds to Trump: 'I have witnessed' Germany under Soviet control https://t.co/Mv68pQGfIN,Wed Jul 11 15:40:00 +0000 2018,8
208,-0.5574,0.213,0.787,CNN,0.0,Parents across the UK are complaining that their babies are ill after using some Aptamil baby milk formulas‚Ä¶ https://t.co/GxMvlVaxV5,Wed Jul 11 15:33:13 +0000 2018,9
209,-0.1779,0.086,0.914,CNN,0.0,"President Trump came out brawling in his first public comments ahead of NATO's annual summit, accusing Germany ‚Äî a‚Ä¶ https://t.co/CJWVFXCQYq",Wed Jul 11 15:31:47 +0000 2018,10
210,0.8126,0.0,0.709,CNN,0.291,"HHS Secretary Alex Azar said his department was performing ""one of the great acts of American generosity and charit‚Ä¶ https://t.co/r8jE7Ie520",Wed Jul 11 15:22:01 +0000 2018,11
211,-0.1779,0.145,0.855,CNN,0.0,3 graphs that explain President Trump's dilemma on the border https://t.co/GToTWeXFDX https://t.co/PSVk4VLvPS,Wed Jul 11 15:10:06 +0000 2018,12
212,0.0516,0.178,0.632,CNN,0.19,New video shows just how dangerous the Thai cave rescue was https://t.co/qsYHAn0wVv https://t.co/qhanywoTSQ,Wed Jul 11 15:03:48 +0000 2018,13
213,0.5267,0.0,0.815,CNN,0.185,Trump tweeted out a video about winning the 2016 election. Here's where it came from. https://t.co/lBY8pA9ROm https://t.co/47F1QGyNdJ,Wed Jul 11 15:02:03 +0000 2018,14
214,0.34,0.0,0.888,CNN,0.112,An Australian doctor who played a key role in rescuing 12 young Thai soccer players and their coach learned afterwa‚Ä¶ https://t.co/LIl9ExcX2J,Wed Jul 11 14:50:54 +0000 2018,15
215,-0.8402,0.276,0.724,CNN,0.0,"RT @CNNMoney: Allianz's chief economic adviser Mohamed El-Erian thinks the US could be spared the worst in a trade war. Tune in to ""Markets‚Ä¶",Wed Jul 11 14:44:33 +0000 2018,16
216,-0.743,0.27,0.73,CNN,0.0,"One firefighter died and several others were injured in a gas explosion that tore through a small Sun Prairie, Wisc‚Ä¶ https://t.co/0YQ68OJIhs",Wed Jul 11 14:41:52 +0000 2018,17
217,0.25,0.0,0.905,CNN,0.095,Facebook says it will donate $5 to every newly created fundraiser posted on a US user's birthday. The fundraiser mu‚Ä¶ https://t.co/LiXD2XyWqu,Wed Jul 11 14:30:13 +0000 2018,18
218,0.3612,0.0,0.872,CNN,0.128,"RT @cnnsport: England is marking #WaistcoatWednesday like never before ahead of the nation's #WorldCup semifinal against Croatia. 

Manager‚Ä¶",Wed Jul 11 14:24:14 +0000 2018,19
219,0.0,0.0,1.0,CNN,0.0,"Injuries were reported after a plane carrying 11 people crashed Tuesday near Ketchikan in Alaska, officials said https://t.co/J6jI1xI2B3",Wed Jul 11 14:20:49 +0000 2018,20
220,-0.5994,0.205,0.795,CNN,0.0,A four-CD box set of previously unreleased material by Tom Petty and the Heartbreakers is set to be released in Sep‚Ä¶ https://t.co/86GPMdV6Ga,Wed Jul 11 14:10:04 +0000 2018,21
221,-0.2263,0.095,0.905,CNN,0.0,President Trump's former personal driver of more than 20 years has filed a lawsuit against the Trump Organization a‚Ä¶ https://t.co/u89AwYyX5p,Wed Jul 11 14:03:27 +0000 2018,22
222,0.6369,0.0,0.724,CNN,0.276,These people love cheese way more than you | via @CNNTravel https://t.co/72YeS8rjQA https://t.co/WmuZYDlpjQ,Wed Jul 11 14:00:03 +0000 2018,23
223,0.0,0.0,1.0,CNN,0.0,"Tesla plans to open a plant in Shanghai that will crank out 500,000 vehicles a year https://t.co/UZ9x53R0aM https://t.co/QNyKjid3Vw",Wed Jul 11 13:50:05 +0000 2018,24
224,0.0,0.0,1.0,CNN,0.0,These grandparents went to visit their soldier son-in-law at an Army base on July 4 and were turned over to ICE‚Ä¶ https://t.co/97m1gDy6Q0,Wed Jul 11 13:40:07 +0000 2018,25
225,0.34,0.0,0.844,CNN,0.156,Sen. Angus King says President Trump is giving Putin what he wants https://t.co/Eqftdt3axc https://t.co/I7ePz6pX4V,Wed Jul 11 13:30:06 +0000 2018,26
226,-0.6908,0.263,0.737,CNN,0.0,"A week after a 91-year-old Mexican man says he was beaten with a concrete block in Southern California, a woman has‚Ä¶ https://t.co/lnwudQIkRl",Wed Jul 11 13:19:44 +0000 2018,27
227,-0.2732,0.091,0.909,CNN,0.0,People in Ethiopia are calling random strangers in Eritrea as phone lines are opened after 20 years of being cut of‚Ä¶ https://t.co/aa0Ulv19hT,Wed Jul 11 13:19:36 +0000 2018,28
228,0.4215,0.0,0.851,CNN,0.149,JUST IN: A hospital in Thailand has released video of the rescued soccer team in recovery https://t.co/721ZXxB2G5 https://t.co/QTpqeKwvlz,Wed Jul 11 13:07:35 +0000 2018,29
229,-0.5423,0.211,0.717,CNN,0.072,A Florida man had a heart attack while laying sod in his front yard to avoid getting a fine from his homeowner's as‚Ä¶ https://t.co/xnFc9Z6h66,Wed Jul 11 13:04:05 +0000 2018,30
230,0.0,0.0,1.0,CNN,0.0,"RT @NewDay: Republican Sen. Chuck Grassley says that the President's new tariffs on Chinese goods have been ""very, very detrimental"" to his‚Ä¶",Wed Jul 11 12:54:04 +0000 2018,31
231,0.0,0.0,1.0,CNN,0.0,These grandparents went to visit their soldier son-in-law at an Army base on July 4 and were turned over to ICE‚Ä¶ https://t.co/JkOyLlh9MH,Wed Jul 11 12:52:22 +0000 2018,32
232,0.0,0.0,1.0,CNN,0.0,"Ever Reyes Mejia held his son for the first time since they were separated months ago.

Mejia's son was one of thre‚Ä¶ https://t.co/GvDmfGpxLU",Wed Jul 11 12:43:58 +0000 2018,33
233,0.0,0.0,1.0,CNN,0.0,"38 children under five years old, of the 102 identified, were returned to their families by Tuesday evening, accord‚Ä¶ https://t.co/GTgoTTYCtr",Wed Jul 11 12:40:27 +0000 2018,34
234,-0.128,0.134,0.751,CNN,0.115,"The Thai soccer players who were trapped deep in a cave in northern Thailand are in good condition, despite each lo‚Ä¶ https://t.co/rNfb9qGNUj",Wed Jul 11 12:35:05 +0000 2018,35
235,0.5267,0.0,0.848,CNN,0.152,A sheriff's deputy who found a baby partially buried but alive in the mountains of Montana over the weekend says he‚Ä¶ https://t.co/6ywZx6k0mD,Wed Jul 11 12:27:28 +0000 2018,36
236,0.3612,0.0,0.889,CNN,0.111,US President Donald Trump appeared ready to maintain his sparring stance ahead of his first day of NATO meetings an‚Ä¶ https://t.co/nCeIqMSrlg,Wed Jul 11 12:21:39 +0000 2018,37
237,-0.1779,0.145,0.855,CNN,0.0,3 graphs that explain President Trump's dilemma on the border https://t.co/ZrdHsTCaze https://t.co/fs4SflU6uK,Wed Jul 11 12:10:09 +0000 2018,38
238,-0.5859,0.257,0.743,CNN,0.0,Zsa Zsa dies weeks after being named 'World's Ugliest Dog' https://t.co/u7XCISNdbC https://t.co/kvYWwi2jrr,Wed Jul 11 12:04:30 +0000 2018,39
239,0.7269,0.0,0.747,CNN,0.253,"The Thai cave rescue was extremely treacherous. Watch how rescuers saved the 12 boys and their soccer coach, passin‚Ä¶ https://t.co/nfEyNsC5fX",Wed Jul 11 12:02:50 +0000 2018,40
240,-0.6705,0.22,0.78,CNN,0.0,"Two gunmen on a motorcycle, apparently aiming for a bar bouncer in Mexico City, killed a 27-year-old California wom‚Ä¶ https://t.co/AxvQdrq7l3",Wed Jul 11 11:51:29 +0000 2018,41
241,0.0,0.0,1.0,CNN,0.0,"RT @NewDay: CNN's @JohnBerman: ""Major, was there ever a moment of doubt?""

Major Charles Hodges, US Air Force Unit: ""Absolutely, the whole‚Ä¶",Wed Jul 11 11:42:25 +0000 2018,42
242,-0.6369,0.231,0.769,CNN,0.0,Pediatricians know why family separation is child abuse | By John Harlow via @CNNOpinion https://t.co/YPel2hZAB5 https://t.co/o4Wmte0xAl,Wed Jul 11 11:38:53 +0000 2018,43
243,-0.2519,0.164,0.705,CNN,0.131,"The father of one of the rescued Thai soccer players says that he just can't wait to hug his son: ""I want to hug hi‚Ä¶ https://t.co/qTv60KyhHO",Wed Jul 11 11:28:39 +0000 2018,44
244,0.4939,0.116,0.625,CNN,0.259,"Progressives are spoiling for a fight over the Supreme Court, and Democrats' 2020 presidential prospects are eager‚Ä¶ https://t.co/nmcl0nDVBL",Wed Jul 11 11:20:10 +0000 2018,45
245,0.5106,0.0,0.784,CNN,0.216,"5 things for Wednesday:

- NATO summit
- Pfizer
- Obamacare
- Thailand cave rescue
- Sex addiction‚Ä¶ https://t.co/o01PzNG5Za",Wed Jul 11 11:10:03 +0000 2018,46
246,0.0,0.0,1.0,CNN,0.0,Two former wrestlers at Ohio State University are defending Rep. Jim Jordan amid allegations that he turned a blind‚Ä¶ https://t.co/NXaZz7c18d,Wed Jul 11 11:00:07 +0000 2018,47
247,-0.5423,0.184,0.816,CNN,0.0,"The US embassy has taken the unusual step of issuing a warning to American citizens in the UK to ""keep a low profil‚Ä¶ https://t.co/itUUYEhDS2",Wed Jul 11 10:50:06 +0000 2018,48
248,0.0,0.0,1.0,CNN,0.0,"A Colorado hospital is suspending its transplant program for six to 12 months, citing staffing issues. Unless patie‚Ä¶ https://t.co/Ld0gsDYkpL",Wed Jul 11 10:39:40 +0000 2018,49
249,0.0,0.0,1.0,CNN,0.0,"RT @NewDay: ""Trump is trying to conflate his issues over trade and his beef with Europe and the EU with NATO, and he's using our military s‚Ä¶",Wed Jul 11 10:30:21 +0000 2018,50
250,0.0,0.0,1.0,CNN,0.0,These grandparents went to visit their soldier son-in-law at an Army base on July 4 and were turned over to ICE‚Ä¶ https://t.co/6w4o1u50I7,Wed Jul 11 10:30:06 +0000 2018,51
251,0.25,0.0,0.905,CNN,0.095,Facebook says it will donate $5 to every newly created fundraiser posted on a US user's birthday. The fundraiser mu‚Ä¶ https://t.co/3auq4SnwiU,Wed Jul 11 10:22:01 +0000 2018,52
252,0.0,0.0,1.0,CNN,0.0,"Tesla plans to open a plant in Shanghai that will crank out 500,000 vehicles a year https://t.co/YiZnLip4Bz https://t.co/2e27TF2ec0",Wed Jul 11 10:16:43 +0000 2018,53
253,0.7906,0.0,0.682,CNN,0.318,"It began with great expectations, an eagerly-anticipated meeting with a reclusive leader, and a gift bag that inclu‚Ä¶ https://t.co/9jaU9bYRAR",Wed Jul 11 10:10:46 +0000 2018,54
254,0.5267,0.0,0.848,CNN,0.152,A sheriff's deputy who found a baby partially buried but alive in the mountains of Montana over the weekend says he‚Ä¶ https://t.co/Sy7Wkoevj3,Wed Jul 11 10:08:21 +0000 2018,55
255,-0.6705,0.268,0.732,CNN,0.0,There's a British campaign to make Green Day's 'American Idiot' the No. 1 song when President Trump arrives‚Ä¶ https://t.co/buIATSKoIC,Wed Jul 11 09:56:27 +0000 2018,56
256,0.0,0.0,1.0,CNN,0.0,Paul Manafort's lawyers have new concerns about where the former Trump campaign chairman should be held in jail‚Ä¶ https://t.co/t29tAqBAjB,Wed Jul 11 09:45:17 +0000 2018,57
257,0.765,0.0,0.752,CNN,0.248,Volunteers in the Thai cave rescue cheer after learning that the last of the 12 boys and their coach emerged safely‚Ä¶ https://t.co/WT689VJayd,Wed Jul 11 09:34:26 +0000 2018,58
258,0.4404,0.0,0.868,CNN,0.132,"Scientists have discovered the world's oldest color. It's bright pink -- the color of bubble gum, flamingos and cot‚Ä¶ https://t.co/FDrDldiR2m",Wed Jul 11 09:22:37 +0000 2018,59
259,-0.5267,0.231,0.694,CNN,0.074,The NFL Player's Association filed a grievance challenging the NFL's new policy on player protests during the pre-g‚Ä¶ https://t.co/NHobaApxmj,Wed Jul 11 09:11:09 +0000 2018,60
260,0.0,0.0,1.0,CNN,0.0,"After nine years, 16 trophies and 451 goals, Cristiano Ronaldo is leaving Real Madrid for Juventus‚Ä¶ https://t.co/ic8RxoA1AU",Wed Jul 11 08:59:28 +0000 2018,61
261,-0.4939,0.167,0.833,CNN,0.0,"A hacker penetrated an Air Force captain's computer to steal sensitive information about US military drones, accord‚Ä¶ https://t.co/WDWKzBGZCy",Wed Jul 11 08:48:29 +0000 2018,62
262,0.4019,0.0,0.881,CNN,0.119,"Now that 12 boys and their coach have been freed from a cave in Thailand, doctors are monitoring their health, look‚Ä¶ https://t.co/2ATWS46kb2",Wed Jul 11 08:37:03 +0000 2018,63
263,-0.296,0.104,0.896,CNN,0.0,An Illinois park is investigating after a woman accused one of its police officers of standing by as a man harassed‚Ä¶ https://t.co/XqdiOBjMqv,Wed Jul 11 08:25:54 +0000 2018,64
264,-0.0258,0.099,0.807,CNN,0.094,President Donald Trump has accused fellow NATO ally Germany of being beholden to Russia because it buys energy from‚Ä¶ https://t.co/eSYbQcehd9,Wed Jul 11 08:16:08 +0000 2018,65
265,0.0,0.0,1.0,CNN,0.0,"What weighs 1,300 pounds (600 kilograms), is 15.45 feet (4.71 meters) long and is believed to be more than 60 years‚Ä¶ https://t.co/s8DieKWz4S",Wed Jul 11 08:14:59 +0000 2018,66
266,-0.1531,0.13,0.763,CNN,0.107,The father of one of the boys rescued from a Thai cave waited 17 days on a mountainside for the trapped soccer play‚Ä¶ https://t.co/dMEfzrcdCc,Wed Jul 11 08:04:02 +0000 2018,67
267,0.0,0.0,1.0,CNN,0.0,"Donald Trump is in for the trolling of a lifetime when he arrives in Britain, writes @robcrilly for @CNNopinion https://t.co/tCyFakUZpj",Wed Jul 11 07:52:37 +0000 2018,68
268,0.0,0.0,1.0,CNN,0.0,"Wildlife rangers in northern Australia captured this massive 1,300 pound crocodile after first spotting it nearly a‚Ä¶ https://t.co/137uukum7i",Wed Jul 11 07:41:46 +0000 2018,69
269,-0.5719,0.163,0.837,CNN,0.0,"As gunshots rang out, staffers at the Capital Gazette in Maryland cowered under desks, fearing for their lives.

We‚Ä¶ https://t.co/GYhEtGrIVd",Wed Jul 11 07:30:53 +0000 2018,70
270,0.5267,0.0,0.848,CNN,0.152,A sheriff's deputy who found a baby partially buried but alive in the mountains of Montana over the weekend says he‚Ä¶ https://t.co/E18kkhF9IU,Wed Jul 11 07:20:15 +0000 2018,71
271,0.6597,0.0,0.779,CNN,0.221,"""We need to have this conversation about basic decency, and human dignity, and how we treat others."" Gov. Ricardo R‚Ä¶ https://t.co/sSBbGWJ62v",Wed Jul 11 07:10:05 +0000 2018,72
272,0.0,0.0,1.0,CNN,0.0,"Donald Trump is in for the trolling of a lifetime when he arrives in Britain, writes @robcrilly for @CNNopinion https://t.co/31Cwee06TX",Wed Jul 11 06:50:06 +0000 2018,73
273,-0.6705,0.231,0.769,CNN,0.0,Landslides and flooding caused by torrential rain in Japan have killed at least 176 people https://t.co/akZlujoME6,Wed Jul 11 06:45:07 +0000 2018,74
274,-0.9169,0.427,0.573,CNN,0.0,The Pakistani Taliban have claimed responsibility for Tuesday's suicide attack which left at least 20 people dead i‚Ä¶ https://t.co/gShVerTtE0,Wed Jul 11 06:38:44 +0000 2018,75
275,0.0,0.0,1.0,CNN,0.0,"After nine years, 16 trophies and 451 goals, Cristiano Ronaldo is leaving Real Madrid for Juventus‚Ä¶ https://t.co/xxsNHKymrn",Wed Jul 11 06:31:04 +0000 2018,76
276,0.7269,0.0,0.747,CNN,0.253,"Senate Democrats, eager to sink the nomination of Judge Brett Kavanaugh to the Supreme Court, are ratcheting up dem‚Ä¶ https://t.co/82eB4kjUBv",Wed Jul 11 06:20:03 +0000 2018,77
277,0.9062,0.0,0.514,CNN,0.486,"England's #WorldCup success has inspired a sharp increase in the popularity of waistcoats, and manager Gareth South‚Ä¶ https://t.co/orNw3nVxfO",Wed Jul 11 06:16:00 +0000 2018,78
278,0.0,0.0,1.0,CNN,0.0,"A senior European official has told CNN that NATO members are preparing for a worst-case scenario at the summit, am‚Ä¶ https://t.co/DhVuUqgAKk",Wed Jul 11 06:10:06 +0000 2018,79
279,0.0,0.0,1.0,CNN,0.0,"What weighs 1,300 pounds (600 kilograms), is 15.45 feet (4.71 meters) long and is believed to be more than 60 years‚Ä¶ https://t.co/uQxxZLd0Dn",Wed Jul 11 06:01:03 +0000 2018,80
280,0.0,0.0,1.0,CNN,0.0,Allies wonder if the West can withstand the Trump presidency | Analysis by @stcollinson https://t.co/GET0DJ1y5n https://t.co/8l6RIJvwNA,Wed Jul 11 05:50:08 +0000 2018,81
281,0.2023,0.0,0.904,CNN,0.096,"With 7 singles in Billboard's top 10, Drake toppled The Beatles' historic record of five simultaneous singles, set‚Ä¶ https://t.co/zfqEmDy6Gx",Wed Jul 11 05:46:00 +0000 2018,82
282,0.4939,0.0,0.833,CNN,0.167,"In an experiment, Australian scientists have successfully wiped out more than 80% of disease-carrying mosquitoes in‚Ä¶ https://t.co/Dp1nhsDUrP",Wed Jul 11 05:31:05 +0000 2018,83
283,-0.4215,0.141,0.859,CNN,0.0,"Chicago has been Sears' headquarters for a century. Now, the struggling retailer is closing its last location there‚Ä¶ https://t.co/Q980gVMz79",Wed Jul 11 05:16:00 +0000 2018,84
284,0.0,0.0,1.0,CNN,0.0,Newly-discovered fossils suggest giant dinosaurs evolved millions of years earlier than scientists thought https://t.co/ORLrlZ1gRc,Wed Jul 11 05:01:04 +0000 2018,85
285,-0.5859,0.192,0.808,CNN,0.0,"Microsoft is taking a stab at the cheap tablet market with the Surface Go, a 10-inch iPad competitor‚Ä¶ https://t.co/ZnYBRUcUXZ",Wed Jul 11 04:46:00 +0000 2018,86
286,-0.5574,0.213,0.787,CNN,0.0,Parents across the UK are complaining that their babies are ill after using some Aptamil baby milk formulas‚Ä¶ https://t.co/VfHxxWRPnd,Wed Jul 11 04:31:10 +0000 2018,87
287,0.0,0.0,1.0,CNN,0.0,A $40 million facility billed as the world's largest vertical farm is coming to Dubai https://t.co/fF65FpYxB7  via‚Ä¶ https://t.co/GtZj2HXs6r,Wed Jul 11 04:16:00 +0000 2018,88
288,0.7269,0.0,0.747,CNN,0.253,"The Thai cave rescue was extremely treacherous. Watch how rescuers saved the 12 boys and their soccer coach, passin‚Ä¶ https://t.co/B9AspHQNnV",Wed Jul 11 04:01:50 +0000 2018,89
289,0.4019,0.15,0.599,CNN,0.251,Lonely Planet names Asia's best destinations for 2018 https://t.co/z2CwpLyWdP via @CNNTravel https://t.co/OKwIh9tmj0,Wed Jul 11 03:46:03 +0000 2018,90
290,-0.3818,0.133,0.867,CNN,0.0,"European leaders were on edge ahead of this week's potentially confrontational NATO summit in Brussels, Belgium, am‚Ä¶ https://t.co/r3ejVA3062",Wed Jul 11 03:31:06 +0000 2018,91
291,0.3818,0.0,0.833,CNN,0.167,Hotel Lutetia reopens in Paris after stunning $234 million makeover https://t.co/68QCahAGz8 via @CNNTravel https://t.co/D6zALMTlZO,Wed Jul 11 03:16:03 +0000 2018,92
292,0.6204,0.0,0.748,CNN,0.252,"Scooter rental startups are growing so fast in popularity, some cities have started banning them. CNNMoney‚Äôs‚Ä¶ https://t.co/XPyPxChxwE",Wed Jul 11 03:08:00 +0000 2018,93
293,0.8126,0.0,0.709,CNN,0.291,"HHS Secretary Alex Azar said his department was performing ""one of the great acts of American generosity and charit‚Ä¶ https://t.co/y9oUYqP7LY",Wed Jul 11 03:01:06 +0000 2018,94
294,0.5719,0.0,0.73,CNN,0.27,Why Puglia is a perfect Italy beach destination https://t.co/YwuirU1p5W via @CNNTravel https://t.co/wbyEY48bik,Wed Jul 11 02:46:03 +0000 2018,95
295,0.0,0.0,1.0,CNN,0.0,Wall Street has Trump whiplash https://t.co/fse5oXjiu7 https://t.co/sc4GG6U4cP,Wed Jul 11 02:36:07 +0000 2018,96
296,0.0,0.0,1.0,CNN,0.0,Paul Manafort's lawyers have new concerns about where the former Trump campaign chairman should be held in jail‚Ä¶ https://t.co/Im6DQ0V2Fo,Wed Jul 11 02:33:24 +0000 2018,97
297,0.6597,0.0,0.795,CNN,0.205,"RT @OutFrontCNN: ""We need to have this conversation about basic decency, and human dignity, and how we treat others"" - Puerto Rico Gov. @ri‚Ä¶",Wed Jul 11 02:32:02 +0000 2018,98
298,0.0,0.0,1.0,CNN,0.0,"President Trump says he plans to give a copy of the Elton John hit song ""Rocket Man"" to North Korean leader Kim Jon‚Ä¶ https://t.co/bJtJi5S2j3",Wed Jul 11 02:31:00 +0000 2018,99
299,-0.5267,0.159,0.841,CNN,0.0,A French bulldog named Darcy was given an oxygen mask on a JetBlue flight after showing signs of distress. Darcy's‚Ä¶ https://t.co/AzG7WqKcxA,Wed Jul 11 02:26:48 +0000 2018,100
300,-0.7964,0.47,0.53,Fox News,0.0,"North Dakota tornado kills newborn, destroys over 100 structures https://t.co/qRPkn3PDrv",Wed Jul 11 16:25:45 +0000 2018,1
301,0.0,0.0,1.0,Fox News,0.0,A mini horse was found on a Japanese rooftop three days after disappearing https://t.co/60IMNchGmC,Wed Jul 11 16:17:46 +0000 2018,2
302,0.3338,0.0,0.771,Fox News,0.229,".@marykissel: ""NATO is a very, very important alliance."" @AmericaNewsroom https://t.co/zg15QwnIwb",Wed Jul 11 16:08:34 +0000 2018,3
303,0.0,0.0,1.0,Fox News,0.0,RT @FoxBusiness: .@sendavidperdue spoke to Fox Business about @POTUS' preparation of an additional $200B in tariffs on Chinese goods. https‚Ä¶,Wed Jul 11 16:05:33 +0000 2018,4
304,0.0,0.0,1.0,Fox News,0.0,RT @FoxBusiness: Chinese agricultural tariffs will be ‚Äòcatastrophic‚Äô to farmers: @ChuckGrassley https://t.co/VoCaZVtSw5,Wed Jul 11 16:05:08 +0000 2018,5
305,0.0,0.0,1.0,Fox News,0.0,"Instagram model, 19, bitten by shark while taking photos in Bahamas https://t.co/65nP8ME2Ji",Wed Jul 11 16:02:55 +0000 2018,6
306,0.5256,0.0,0.816,Fox News,0.184,"Schumer: 'Trump Should Not Meet With Putin Alone,' Is More Loyal to Russia Than NATO https://t.co/5sAQpJZEvD",Wed Jul 11 15:51:57 +0000 2018,7
307,0.3182,0.0,0.897,Fox News,0.103,Mary Kissel: ‚ÄúI think it‚Äôs refreshing to hear a U.S. president actually tell the truth about what‚Äôs going on in NAT‚Ä¶ https://t.co/Fer5fbAnTv,Wed Jul 11 15:44:55 +0000 2018,8
308,-0.34,0.112,0.888,Fox News,0.0,Photo of the Day: Part of a rainbow was seen as authorities worked to extinguish a junkyard fire in the Kensington‚Ä¶ https://t.co/WikzEaMi1w,Wed Jul 11 15:37:13 +0000 2018,9
309,0.0,0.0,1.0,Fox News,0.0,TONIGHT: @TheStoryFNC with @marthamaccallum is LIVE in London ahead of @POTUS‚Äô meeting with British Prime Minister‚Ä¶ https://t.co/MN2xnBkCgN,Wed Jul 11 15:35:07 +0000 2018,10
310,0.0,0.0,1.0,Fox News,0.0,Incredible video shows 4-mile iceberg breaking in Greenland (via @christocarbone) https://t.co/Ga3wPp5MMP,Wed Jul 11 15:28:31 +0000 2018,11
311,-0.836,0.361,0.639,Fox News,0.0,"LeSean 'Shady' McCoy's ex-girlfriend alleges star running back was behind brutal home invasion, assault (via‚Ä¶ https://t.co/mFIZT6HE6y",Wed Jul 11 15:27:09 +0000 2018,12
312,0.5859,0.0,0.745,Fox News,0.255,"Rep. Mac Thornberry: ‚ÄúWhen Europe buys energy from Russia, they help fund Russian military aggression.‚Äù https://t.co/EBpFBMTUpD",Wed Jul 11 15:22:29 +0000 2018,13
313,0.608,0.0,0.763,Fox News,0.237,"OPINION: Thai cave rescue: Don't forget man who made ultimate sacrifice so that boys, coach could live https://t.co/aDrjFDLOwW",Wed Jul 11 15:12:19 +0000 2018,14
314,0.3612,0.063,0.794,Fox News,0.143,.@IvankaTrump: Paid family leave is an investment in America's families -- It deserves bipartisan support (via‚Ä¶ https://t.co/qVkammJLdx,Wed Jul 11 15:03:05 +0000 2018,15
315,0.0,0.0,1.0,Fox News,0.0,.@POTUS meets with French President @EmmanuelMacron https://t.co/6uaNsZYanW,Wed Jul 11 14:55:53 +0000 2018,16
316,0.5267,0.078,0.68,Fox News,0.241,"Worlds collide in autonomous 1965 Ford Mustang, but hopefully it won't https://t.co/g1HlZ1MrO4",Wed Jul 11 14:42:47 +0000 2018,17
317,0.4939,0.0,0.738,Fox News,0.262,Senate Democrats hold a news conference to address health care.  https://t.co/aQErj4iMGR,Wed Jul 11 14:41:57 +0000 2018,18
318,0.0,0.0,1.0,Fox News,0.0,Senate Democrats hold a news conference to address Judge Kavanaugh. https://t.co/aQErj4iMGR,Wed Jul 11 14:39:53 +0000 2018,19
319,0.4215,0.0,0.872,Fox News,0.128,The Thai hospital where the 12 boys and their soccer coach are recuperating after being rescued from a flooded cave‚Ä¶ https://t.co/PJTErL6BoA,Wed Jul 11 14:37:13 +0000 2018,20
320,0.0,0.0,1.0,Fox News,0.0,.@POTUS: ‚ÄúWe have a tremendous relationship with Germany.‚Äù https://t.co/s6YRcFvPmw,Wed Jul 11 14:14:55 +0000 2018,21
321,-0.8074,0.448,0.552,Fox News,0.0,Former UCLA basketball star found dead after recording heartbreaking video https://t.co/YGPAb71OYp,Wed Jul 11 14:10:52 +0000 2018,22
322,0.0,0.0,1.0,Fox News,0.0,.@HouseGOP leaders hold a news conference https://t.co/T3vIHFgvHs,Wed Jul 11 14:08:23 +0000 2018,23
323,0.0,0.139,0.723,Fox News,0.139,"Norfolk airport police find girl's lost stuffed dog, take him on an adventure https://t.co/NZJi0OXYmr",Wed Jul 11 14:01:32 +0000 2018,24
324,0.0,0.0,1.0,Fox News,0.0,Trump tangles with NATO leaders in testy start to Brussels summit https://t.co/3c3DEHPn0a,Wed Jul 11 13:54:11 +0000 2018,25
325,-0.5994,0.262,0.738,Fox News,0.0,PayPal slammed after telling customer that her death 'breached its rules' https://t.co/HELyoc62ep,Wed Jul 11 13:46:09 +0000 2018,26
326,-0.2263,0.147,0.853,Fox News,0.0,Protesters Yell 'Shame' at @IvankaTrump as She Attends Roundtable in NY https://t.co/bWqyyQLL5h,Wed Jul 11 13:23:07 +0000 2018,27
327,-0.743,0.441,0.559,Fox News,0.0,George Clooney's scary motorbike accident caught on surveillance video https://t.co/mTuBBTNWN1,Wed Jul 11 13:17:15 +0000 2018,28
328,-0.5908,0.349,0.489,Fox News,0.161,"Thai cave rescue almost ended in disaster, after main pump reportedly failed https://t.co/sIIfVLgrqL",Wed Jul 11 12:55:08 +0000 2018,29
329,0.0,0.0,1.0,Fox News,0.0,".@ChuckGrassley: ‚ÄúThis president‚Äôs following through with something that he said during the campaign, something he‚Ä¶ https://t.co/hKO5f7ZDxU",Wed Jul 11 12:22:37 +0000 2018,30
330,-0.5719,0.252,0.748,Fox News,0.0,WATCH: Waitress Pulls Pistol on Attacker After He Punches Her Co-Worker https://t.co/QqBpHnaNja,Wed Jul 11 12:17:40 +0000 2018,31
331,0.5859,0.0,0.678,Fox News,0.322,Van's amazing 180-degree highway spin caught on camera https://t.co/O76eIBsoLb,Wed Jul 11 12:10:50 +0000 2018,32
332,0.0,0.0,1.0,Fox News,0.0,Secretary General of NATO Jens Stoltenberg delivers remarks https://t.co/x98NlBOq0L,Wed Jul 11 12:09:17 +0000 2018,33
333,0.4588,0.0,0.667,Fox News,0.333,NATO leaders arrive for welcome ceremony https://t.co/9Y4ERAR9Zo,Wed Jul 11 12:02:49 +0000 2018,34
334,0.0,0.0,1.0,Fox News,0.0,.@POTUS gathers with world leaders at NATO @foxandfriends https://t.co/muKBNZXv0o,Wed Jul 11 11:57:00 +0000 2018,35
335,0.0,0.0,1.0,Fox News,0.0,.@POTUS participates in NATO arrival ceremony @foxandfriends https://t.co/0XU9paPaNU,Wed Jul 11 11:55:09 +0000 2018,36
336,0.0,0.0,1.0,Fox News,0.0,.@SebGorka on @foxandfriends: ‚ÄúThe swamp isn‚Äôt just an American phenomenon.‚Äù https://t.co/FZaHHXuXbF,Wed Jul 11 11:51:41 +0000 2018,37
337,0.4588,0.0,0.625,Fox News,0.375,.@POTUS Attends NATO Welcome Ceremony https://t.co/wEIKWGc8B9,Wed Jul 11 11:44:54 +0000 2018,38
338,0.6858,0.0,0.678,Fox News,0.322,.@DianeBlackTN: ‚ÄúWe are compassionate people but we also are a people that want to secure our country.‚Äù https://t.co/jq8fDSNdbu,Wed Jul 11 11:36:07 +0000 2018,39
339,0.0,0.0,1.0,Fox News,0.0,.@DianeBlackTN: ‚ÄúWe need to know who‚Äôs coming to our country.‚Äù https://t.co/R3g49z1UGm,Wed Jul 11 11:29:45 +0000 2018,40
340,-0.4404,0.195,0.805,Fox News,0.0,Facebook fined over $650G by UK in Cambridge Analytica data misuse scandal https://t.co/QfLdLOCUDj,Wed Jul 11 11:13:18 +0000 2018,41
341,0.0,0.0,1.0,Fox News,0.0,.@POTUS Arrives at NATO HQ https://t.co/iQCeUlpCS5,Wed Jul 11 10:55:36 +0000 2018,42
342,0.0,0.0,1.0,Fox News,0.0,Veteran Fined for Flying Flag in Flower Pot https://t.co/4vJTkslKWn,Wed Jul 11 10:45:20 +0000 2018,43
343,0.3612,0.063,0.794,Fox News,0.143,OPINION: @IvankaTrump: Paid family leave is an investment in America's families -- It deserves bipartisan support https://t.co/923a4jW0Ec,Wed Jul 11 10:31:31 +0000 2018,44
344,0.0,0.0,1.0,Fox News,0.0,"Nile Gardiner: ‚ÄúWe need to see all members of the NATO alliance pulling their weight, investing more in defense.‚Äù https://t.co/WHiVMBhf31",Wed Jul 11 10:23:45 +0000 2018,45
345,-0.1027,0.198,0.625,Fox News,0.177,"World's Ugliest Dog, Zsa Zsa the English bulldog, dies weeks after winning title https://t.co/qxr2yyDOfq",Wed Jul 11 10:12:57 +0000 2018,46
346,0.0,0.0,1.0,Fox News,0.0,Border Protection says NYC mayor de Blasio crossed border illegally https://t.co/CCJqxv6o8e,Wed Jul 11 09:56:59 +0000 2018,47
347,-0.4767,0.279,0.721,Fox News,0.0,NFL players file grievance over new anthem policy https://t.co/m2llmOrVft,Wed Jul 11 09:52:40 +0000 2018,48
348,-0.2789,0.162,0.838,Fox News,0.0,Kristian Saucier: ‚ÄúI‚Äôd settle this lawsuit for a dollar and an indictment.‚Äù https://t.co/cxGsaUYywd,Wed Jul 11 09:42:14 +0000 2018,49
349,0.2263,0.0,0.894,Fox News,0.106,Kristian Saucier: ‚ÄúPresident Trump pardoned me because he felt what happened to me was overly harsh.‚Äù https://t.co/4MtWjvJxWV,Wed Jul 11 09:41:44 +0000 2018,50
350,0.0,0.0,1.0,Fox News,0.0,Peter Morici: ‚ÄúWe are going to have to hit the Chinese a lot harder‚Ä¶ if we expect to get results.‚Äù‚Ä¶ https://t.co/Bw4pD47pz3,Wed Jul 11 09:32:24 +0000 2018,51
351,-0.0772,0.129,0.76,Fox News,0.111,US prepares to impose new tariffs on additional $200B worth of Chinese goods; @HeatherChilders‚Ä¶ https://t.co/I3ZMYw3Pib,Wed Jul 11 09:23:30 +0000 2018,52
352,0.128,0.0,0.842,Fox News,0.158,Countries Expected to Meet NATO Defense Spending Requirement https://t.co/a4s1RGwwWJ,Wed Jul 11 09:18:34 +0000 2018,53
353,0.9141,0.0,0.505,Fox News,0.495,"PUPPY LOVE: Seven-month-old Annie ‚Äúpuppy-proofed‚Äù the top of a staircase and protected her younger friends, two fos‚Ä¶ https://t.co/4jpRljODs1",Wed Jul 11 09:15:00 +0000 2018,54
354,-0.4588,0.235,0.765,Fox News,0.0,Kansas councilwoman allegedly bites corrections officer's thumb hard enough to break it during fight https://t.co/hpFHYciRSr,Wed Jul 11 09:08:00 +0000 2018,55
355,0.0,0.0,1.0,Fox News,0.0,17-year-old Louisiana teen training to be first human to set foot on Mars https://t.co/q6so0KuV31,Wed Jul 11 09:00:01 +0000 2018,56
356,-0.4588,0.15,0.85,Fox News,0.0,'You'd Think This Would Be Sacred': @EricTrump on St. Jude Family Being Attacked Online for Thanking Him https://t.co/CFFVM4kzaK,Wed Jul 11 08:53:00 +0000 2018,57
357,0.4215,0.0,0.865,Fox News,0.135,".@kimguilfoyle: ‚ÄúFor quite some time, the United States has been subsidizing European countries that have not had t‚Ä¶ https://t.co/GkjAXiVNOu",Wed Jul 11 08:45:00 +0000 2018,58
358,0.0,0.0,1.0,Fox News,0.0,President @realDonaldTrump discussed immigration while speaking with the press at the @WhiteHouse Tuesday. https://t.co/Xh0vlaQoM3,Wed Jul 11 08:38:00 +0000 2018,59
359,0.0,0.0,1.0,Fox News,0.0,".@VP Pence: ""The president I serve with every day is always going to put America first."" #SpecialReport https://t.co/rA0C5iX6JZ",Wed Jul 11 08:30:00 +0000 2018,60
360,-0.4767,0.14,0.86,Fox News,0.0,"When a Florida man had a heart attack and couldn't finish his yard work, local first responders who brought him to‚Ä¶ https://t.co/uoUwapraZ3",Wed Jul 11 08:23:00 +0000 2018,61
361,-0.1531,0.143,0.738,Fox News,0.119,".@LindseyGrahamSC: ""When you sit down with Putin, I hope you understand you're sitting down with an enemy of the Un‚Ä¶ https://t.co/aDAHpYd5pd",Wed Jul 11 08:15:00 +0000 2018,62
362,0.8176,0.0,0.564,Fox News,0.436,"Entire Thai soccer team, coach freed from cave after daring rescue, Navy says https://t.co/kEKOXcehOQ",Wed Jul 11 08:08:00 +0000 2018,63
363,0.2031,0.0,0.913,Fox News,0.087,"President @realDonaldTrump: ""I actually do have a little gift for [Kim Jong Un], but you'll find out what that gift‚Ä¶ https://t.co/OImjzPoNDP",Wed Jul 11 08:00:01 +0000 2018,64
364,0.2732,0.0,0.884,Fox News,0.116,".@VP Mike Pence told @BretBaier Tuesday that @POTUS is putting ""America first,"" citing increased military spending‚Ä¶ https://t.co/FPW3FOj92V",Wed Jul 11 07:53:00 +0000 2018,65
365,0.34,0.0,0.893,Fox News,0.107,".@POTUS: ""It certainly doesn't seem to make sense that [Germany pays] billions of dollars to Russia and now we have‚Ä¶ https://t.co/VZOHd7Taiy",Wed Jul 11 07:47:23 +0000 2018,66
366,-0.4404,0.153,0.847,Fox News,0.0,"DRAMATIC: A dust cloud blanketed Buckeye, Arizona, as a monsoon storm approached the area. The storm damaged homes‚Ä¶ https://t.co/jYvtFNULsZ",Wed Jul 11 07:45:00 +0000 2018,67
367,0.0,0.0,1.0,Fox News,0.0,".@POTUS: ""We're going to have to do something because we're not going to put up with it‚Äî we can't put up with it."" https://t.co/y2X4R82cII",Wed Jul 11 07:44:36 +0000 2018,68
368,0.5859,0.0,0.806,Fox News,0.194,"Secretary General of NATO Jens Stoltenberg: ""I agree with you that we have to make sure that allies are investing m‚Ä¶ https://t.co/QU2F1MWLpL",Wed Jul 11 07:39:40 +0000 2018,69
369,-0.742,0.258,0.685,Fox News,0.057,".@POTUS on NATO defense spending: ""It's very unfair to our country, it's very unfair to our taxpayer. And I think t‚Ä¶ https://t.co/cLPUj1M9cd",Wed Jul 11 07:38:25 +0000 2018,70
370,0.0,0.0,1.0,Fox News,0.0,"Clinton, Sanders, Warren to headline American Federation of Teachers convention in Pittsburgh https://t.co/jmbU359vPe",Wed Jul 11 07:38:00 +0000 2018,71
371,0.128,0.0,0.93,Fox News,0.07,".@POTUS on NATO defense spending: ""This has been going on for decades. This has been brought up by other presidents‚Ä¶ https://t.co/6N9C1FJ04V",Wed Jul 11 07:35:50 +0000 2018,72
372,-0.3412,0.118,0.882,Fox News,0.0,".@AlanDersh: ""Mueller is going to end up not having accomplished very much because you cannot indict a sitting pres‚Ä¶ https://t.co/7qR70uarMN",Wed Jul 11 07:30:00 +0000 2018,73
373,-0.3818,0.178,0.822,Fox News,0.0,Trump administration to dump Obama-era rule allowing unions to siphon Medicaid money. https://t.co/MJp3fuJKJZ,Wed Jul 11 07:23:02 +0000 2018,74
374,0.4215,0.0,0.865,Fox News,0.135,".@POTUS on NATO: ""The United States is paying far too much and other countries are not paying enough."" https://t.co/tWyJtnnlJ5",Wed Jul 11 07:21:31 +0000 2018,75
375,0.0,0.0,1.0,Fox News,0.0,.@POTUS participates in a bilateral breakfast with Secretary General of NATO Jens Stoltenberg. https://t.co/gSsLK92ZrV,Wed Jul 11 07:18:23 +0000 2018,76
376,0.4404,0.0,0.868,Fox News,0.132,".@POTUS: ‚ÄúI think that getting along with Russia, getting along with China, getting along with others is a good thi‚Ä¶ https://t.co/jHo4S5mn5W",Wed Jul 11 07:15:00 +0000 2018,77
377,0.0,0.0,1.0,Fox News,0.0,.@POTUS participates in a bilateral breakfast with Secretary General of NATO Jens Stoltenberg. https://t.co/n0nhoSNotc,Wed Jul 11 07:11:37 +0000 2018,78
378,0.0,0.0,1.0,Fox News,0.0,"On @foxandfriends, @EricTrump slammed NATO ahead of the organization's summit. https://t.co/E68JyR6Jco https://t.co/OehByzR1yu",Wed Jul 11 07:07:00 +0000 2018,79
379,0.5574,0.0,0.806,Fox News,0.194,.@JesseBWatters: ‚ÄúDemocratic presidents also nominate liberal justices to the Supreme Court. It's not just Republic‚Ä¶ https://t.co/TPdky1r3AZ,Wed Jul 11 07:00:00 +0000 2018,80
380,0.0,0.0,1.0,Fox News,0.0,'Little House' star Melissa Gilbert trading 'Green Acres' life in Michigan for New York City https://t.co/9pwFXDNUoK,Wed Jul 11 06:53:00 +0000 2018,81
381,-0.1446,0.183,0.703,Fox News,0.114,".@Nigel_Farage: ‚ÄúThe argument is, why should America protect all of these countries if they‚Äôre not prepared to make‚Ä¶ https://t.co/0QBpwR6mxz",Wed Jul 11 06:45:00 +0000 2018,82
382,0.0,0.0,1.0,Fox News,0.0,'Always a Marine': Chief of Staff John Kelly Untangles American Flag at Trump Golf Course https://t.co/xMgPwapWOI,Wed Jul 11 06:38:00 +0000 2018,83
383,0.1494,0.121,0.729,Fox News,0.15,".@dbongino: ""The left doesn't have an agenda...There is absolutely no popular mandate for enormous government, high‚Ä¶ https://t.co/Iw9vgUWwdy",Wed Jul 11 06:30:00 +0000 2018,84
384,0.0,0.0,1.0,Fox News,0.0,"Obama, Biden return -- as fictional sleuths https://t.co/gblCMgJH5U",Wed Jul 11 06:23:01 +0000 2018,85
385,0.25,0.0,0.833,Fox News,0.167,.@POTUS: ‚ÄúWe‚Äôre being taken advantage of by the European Union.‚Äù https://t.co/3s4LF1c0Ku,Wed Jul 11 06:15:00 +0000 2018,86
386,0.5106,0.0,0.82,Fox News,0.18,"In what Missoula County Sheriff's Office is calling a ‚Äúmiracle,‚Äù a 5-month-old infant survived about 9 hours being‚Ä¶ https://t.co/3Dt07KJhJb",Wed Jul 11 06:07:00 +0000 2018,87
387,0.5267,0.169,0.584,Fox News,0.247,.@EricTrump: ‚ÄúWe‚Äôre going to keep raising money and we‚Äôre going to win the fight. We will win the fight against ped‚Ä¶ https://t.co/5JLBiAfeHr,Wed Jul 11 06:00:00 +0000 2018,88
388,-0.4019,0.222,0.778,Fox News,0.0,Mitch McConnell says protesters who confronted him 'waited' until wife Elaine Chao was gone https://t.co/klfQe5IV3T,Wed Jul 11 05:53:00 +0000 2018,89
389,0.0,0.0,1.0,Fox News,0.0,"Former Attorney General Michael Mukasey on Paul Manafort's solitary confinement: ""This is unnecessary.""‚Ä¶ https://t.co/ritJhas5dw",Wed Jul 11 05:45:00 +0000 2018,90
390,0.0,0.0,1.0,Fox News,0.0,The U.S. flag is folded during the burial service at Arlington National Cemetery for Army Air Force Staff Sgt. John‚Ä¶ https://t.co/F10b3VpIQz,Wed Jul 11 05:38:00 +0000 2018,91
391,-0.2975,0.095,0.905,Fox News,0.0,".@POTUS: ‚ÄúI have NATO, I have the UK, which is in somewhat turmoil and I have Putin. Frankly, Putin may be the easi‚Ä¶ https://t.co/c7h8cQjCsc",Wed Jul 11 05:30:00 +0000 2018,92
392,0.6369,0.0,0.756,Fox News,0.244,Video of 'Ben Affleck perfectly predicting @Spotify and @netflix' goes viral on Twitter https://t.co/PUuhtPqDF1,Wed Jul 11 05:23:00 +0000 2018,93
393,0.4215,0.0,0.741,Fox News,0.259,Girl meets veteran donor who saved her life https://t.co/BUe0zdobkp,Wed Jul 11 05:15:00 +0000 2018,94
394,-0.5719,0.273,0.59,Fox News,0.137,"Zsa Zsa, an English bulldog who won the title of ""World's Ugliest Dog"" last month, has died. https://t.co/b6mJEhWPNz https://t.co/JOzR7bzrXX",Wed Jul 11 05:07:00 +0000 2018,95
395,0.0,0.0,1.0,Fox News,0.0,.@EricTrump: ‚ÄúHe‚Äôs incredibly well-respected by everyone. He will uphold the Constitution and I‚Äôm proud‚Äî I think my‚Ä¶ https://t.co/LTrpSOyBdv,Wed Jul 11 05:00:00 +0000 2018,96
396,-0.1779,0.18,0.683,Fox News,0.137,.@POTUS pardons ranchers whose arrests led to armed occupation of wildlife refuge https://t.co/T0ynHLfs2R,Wed Jul 11 04:53:00 +0000 2018,97
397,0.5719,0.0,0.764,Fox News,0.236,"Sherrie Hopper: ‚ÄúMr. Trump, I can‚Äôt even express to you how thankful I am.‚Äù https://t.co/5XQBJyYKQT",Wed Jul 11 04:45:01 +0000 2018,98
398,0.4939,0.0,0.873,Fox News,0.127,This photo released by Royal Thai Navy shows the last four Thai Navy SEALs who safely came out of a cave in norther‚Ä¶ https://t.co/MrRpJQ2vw2,Wed Jul 11 04:38:00 +0000 2018,99
399,-0.3412,0.124,0.876,Fox News,0.0,".@POTUS: ""We have laws, we have borders. Don't come to our country illegally. It's not a good thing."" https://t.co/ccmHoNKqga",Wed Jul 11 04:30:00 +0000 2018,100
400,0.5859,0.0,0.769,The New York Times,0.231,"RT @nickconfessore: Twitter officials credit our @nytimes investigation from January, The Follower Factory, as helping persuade the company‚Ä¶",Wed Jul 11 16:25:43 +0000 2018,1
401,-0.5574,0.187,0.813,The New York Times,0.0,"RT @nickconfessore: The change will begin kicking in Thursday, cutting about 6 percent of all follows on the platform. Big fake follower pu‚Ä¶",Wed Jul 11 16:25:38 +0000 2018,2
402,-0.8519,0.341,0.659,The New York Times,0.0,"RT @nickconfessore: NEW w/@gabrieldance: In major step to combat fake followers and social media fraud, Twitter will begin stripping tens o‚Ä¶",Wed Jul 11 16:25:34 +0000 2018,3
403,0.0772,0.0,0.939,The New York Times,0.061,"RT @nytopinion: NATO is a force multiplier ‚Äî proof, to anyone who challenges the Western order, that its members stand together. Why would‚Ä¶",Wed Jul 11 16:17:03 +0000 2018,4
404,-0.8658,0.469,0.531,The New York Times,0.0,A second suspect has been arrested in the killing of the 20-year-old rapper XXXTentacion https://t.co/EPKI5ioc2T,Wed Jul 11 16:07:07 +0000 2018,5
405,0.0,0.095,0.811,The New York Times,0.095,"Summer nights in the U.S. have warmed at nearly twice the rate of days, with overnight low temperatures increasing‚Ä¶ https://t.co/5Sf5qE2xju",Wed Jul 11 15:57:04 +0000 2018,6
406,0.0,0.0,1.0,The New York Times,0.0,"Some children didn't recognize their mothers at the court-ordered reunions of migrant families, after being separat‚Ä¶ https://t.co/QL6PNx964M",Wed Jul 11 15:47:18 +0000 2018,7
407,0.8225,0.0,0.65,The New York Times,0.35,Brett Kavanaugh‚Äôs nomination to the Supreme Court could help Republicans hold or expand control in the Senate ‚Äî whi‚Ä¶ https://t.co/5oDYTs8ESJ,Wed Jul 11 15:36:02 +0000 2018,8
408,0.5994,0.0,0.782,The New York Times,0.218,"RT @EnnisNYT: ‚ÄúParis, Texas‚Äù is a beautiful movie. @RichSandomir with NYT obit for its cinematographer https://t.co/me9MLdZG8G",Wed Jul 11 15:26:04 +0000 2018,9
409,-0.765,0.28,0.72,The New York Times,0.0,"President Trump's trade war started with 18 products. The dispute now includes about 10,000. Our graphic explains h‚Ä¶ https://t.co/s7s0agQnC9",Wed Jul 11 15:16:05 +0000 2018,10
410,0.3612,0.22,0.475,The New York Times,0.305,"Divided by angry politics, England is unified by one thing: A mad, joyous embrace of the national soccer team https://t.co/DiS7xhzD6h",Wed Jul 11 15:06:04 +0000 2018,11
411,0.0,0.0,1.0,The New York Times,0.0,RT @randyNYT: On the voluminous spitting at the World Cup we know you‚Äôve been wondering about ...  https://t.co/oDlw7pRlLX,Wed Jul 11 14:56:05 +0000 2018,12
412,0.5574,0.0,0.847,The New York Times,0.153,"For some Democrats running for the House, Trump's Supreme Court pick is a key issue. For Senators in red states, it‚Ä¶ https://t.co/WOQaw3nPvI",Wed Jul 11 14:46:19 +0000 2018,13
413,0.0,0.0,1.0,The New York Times,0.0,Sarah Palin says that she and one of her daughters were ‚Äúduped‚Äù into apparently appearing on Sacha Baron Cohen‚Äôs ne‚Ä¶ https://t.co/SAUurEQWoX,Wed Jul 11 14:30:34 +0000 2018,14
414,-0.3818,0.12,0.88,The New York Times,0.0,"RT @nytimesworld: President Trump's European trip highlights the ways he has upended American foreign policy, feuding with NATO allies and‚Ä¶",Wed Jul 11 14:18:21 +0000 2018,15
415,0.2144,0.0,0.922,The New York Times,0.078,"‚ÄúThey say we have support and protection in there, but the reality is different. I‚Äôm not the only one. Ask any tran‚Ä¶ https://t.co/QHXsRvb14V",Wed Jul 11 14:07:00 +0000 2018,16
416,0.4215,0.0,0.858,The New York Times,0.142,"RT @AndrewKramerNYT: Like ""farm to table"" for food, ""mine to market"" for diamonds is an idea that consumers want to know the origin of what‚Ä¶",Wed Jul 11 13:57:05 +0000 2018,17
417,0.4779,0.0,0.853,The New York Times,0.147,Brett Kavanaugh‚Äôs record provides clues about the sort of justice he would be if the Senate confirms him https://t.co/TpWsYR10En,Wed Jul 11 13:47:04 +0000 2018,18
418,0.0,0.0,1.0,The New York Times,0.0,Sarah Palin Says She Was ‚ÄòDuped‚Äô by Sacha Baron Cohen https://t.co/LVEWgvfpI1,Wed Jul 11 13:39:37 +0000 2018,19
419,0.0,0.0,1.0,The New York Times,0.0,"RT @christophclarey: At Serena Williams's request, her voluble coach Patrick Mouratoglou is not talking publicly about her at #Wimbledon: ""‚Ä¶",Wed Jul 11 13:37:02 +0000 2018,20
420,-0.8402,0.36,0.64,The New York Times,0.0,"Doctors worry that the boys who were trapped in a cave in Thailand could face longer-term problems, including psych‚Ä¶ https://t.co/4xzkSQqp6L",Wed Jul 11 13:17:02 +0000 2018,21
421,0.0,0.0,1.0,The New York Times,0.0,"RT @SherylNYT: Would Brett Kavanaugh force Donald Trump to comply with a subpoena from Robert Mueller? Perhaps not, writes @adamliptak http‚Ä¶",Wed Jul 11 13:07:05 +0000 2018,22
422,-0.5994,0.245,0.755,The New York Times,0.0,"How President Trump‚Äôs trade war went from 18 products to 10,000 https://t.co/ppelErmm4n https://t.co/dPpkpI2ahL",Wed Jul 11 12:57:06 +0000 2018,23
423,0.0,0.0,1.0,The New York Times,0.0,"Soccer Players and Their Coach Are on the Mend, Thailand Says https://t.co/Py51b1ki42",Wed Jul 11 12:56:24 +0000 2018,24
424,0.7906,0.0,0.708,The New York Times,0.292,"""Everybody loves this story,"" Stephen Colbert said of the Thai cave rescue. ""Are you listening, Mr. President? Free‚Ä¶ https://t.co/khCaRBM21d",Wed Jul 11 12:47:06 +0000 2018,25
425,-0.2732,0.174,0.826,The New York Times,0.0,Reuniting and Detaining Migrant Families Pose New Mental Health Risks https://t.co/cWvnmss2kB,Wed Jul 11 12:38:02 +0000 2018,26
426,-0.34,0.138,0.862,The New York Times,0.0,Brett Kavanaugh once made the case for impeaching a president. He now says that was a mistake. https://t.co/w8jgP7teqI,Wed Jul 11 12:37:05 +0000 2018,27
427,0.0,0.0,1.0,The New York Times,0.0,Morning Briefing: Here's what you need to know to start your day https://t.co/Q97e5S4L6L,Wed Jul 11 12:27:05 +0000 2018,28
428,-0.2263,0.087,0.913,The New York Times,0.0,"RT @NYTScience: From @NYTOpinion: Juice contains limited nutrients and tons of sugar. In fact, one 12-ounce glass of orange juice contains‚Ä¶",Wed Jul 11 12:17:02 +0000 2018,29
429,0.4404,0.094,0.694,The New York Times,0.212,Several of the boys saved from a Thai cave knew hardship as refugees in Myanmar. One multilingual boy played a crit‚Ä¶ https://t.co/IRyt2h8Da8,Wed Jul 11 12:02:03 +0000 2018,30
430,0.0,0.0,1.0,The New York Times,0.0,Eat this by the bowl as is or toss it with cooked rice or beans for a more filling salad https://t.co/XJ6A0gP5Vs https://t.co/84rsuOS24l,Wed Jul 11 11:47:03 +0000 2018,31
431,-0.4404,0.153,0.847,The New York Times,0.0,"Racing against time, the surgeon injected a billion mitochondria into the baby's damaged heart muscle. Within 2 day‚Ä¶ https://t.co/alDczgC68z",Wed Jul 11 11:32:03 +0000 2018,32
432,0.5574,0.0,0.783,The New York Times,0.217,"From @NYTGraphics: Brett Kavanaugh followed the narrow, elite path of Supreme Court justices https://t.co/qLFc1zCEVJ",Wed Jul 11 11:17:03 +0000 2018,33
433,-0.6705,0.224,0.776,The New York Times,0.0,RT @nytimesworld: President Trump kicked off his NATO meetings on a contentious note. He called allies ‚Äúdelinquent‚Äù for failing to spend en‚Ä¶,Wed Jul 11 11:13:58 +0000 2018,34
434,-0.4215,0.219,0.781,The New York Times,0.0,"As Vote Nears, Cambodia‚Äôs Leader Has Opponents, but No Competition https://t.co/A7ipRaY5oz",Wed Jul 11 11:05:56 +0000 2018,35
435,0.0,0.0,1.0,The New York Times,0.0,How to watch the World Cup semifinals https://t.co/gEWBLyEM8L,Wed Jul 11 11:02:01 +0000 2018,36
436,0.5719,0.0,0.81,The New York Times,0.19,RT @nytimesworld: Enthusiasm for England‚Äôs national soccer team is reaching fever pitch as it prepares to face Croatia on Wednesday in its‚Ä¶,Wed Jul 11 10:32:03 +0000 2018,37
437,0.0,0.0,1.0,The New York Times,0.0,Fox Raises Its Bid in Sky Takeover Effort https://t.co/CjCzls4SpT,Wed Jul 11 10:29:17 +0000 2018,38
438,-0.4019,0.278,0.722,The New York Times,0.0,"In Pakistan, Nawaz Sharif Fights for Survival https://t.co/iGEoSPPzXg",Wed Jul 11 10:27:04 +0000 2018,39
439,0.7096,0.0,0.629,The New York Times,0.371,On Beauty: How to Look Well Rested (Even When You‚Äôre Not) https://t.co/mib0mvOOjI,Wed Jul 11 10:24:32 +0000 2018,40
440,0.5267,0.0,0.694,The New York Times,0.306,A Diamond Giant Plays Up Its Russian Ties to Appeal to Americans https://t.co/VItUirSfbQ,Wed Jul 11 10:19:48 +0000 2018,41
441,0.0,0.0,1.0,The New York Times,0.0,Fox Raises Its Bid in Sky Takeover Effort https://t.co/n9LuIgYocB,Wed Jul 11 10:14:59 +0000 2018,42
442,0.5719,0.0,0.778,The New York Times,0.222,"Nonfiction: The Urbane Bookworm: Robert Gottlieb‚Äôs Essays Celebrate Literature, Film Classics and Dance https://t.co/PQ55BfgzS9",Wed Jul 11 10:12:40 +0000 2018,43
443,0.0,0.0,1.0,The New York Times,0.0,The Trump administration said it was suspending a program that pays billions to insurers to stabilize insurance mar‚Ä¶ https://t.co/2MeRIArBgP,Wed Jul 11 10:02:04 +0000 2018,44
444,0.0,0.0,1.0,The New York Times,0.0,RT @paulkrugman: Why Theresa May is trying to achieve a soft Brexit that's hardly Brexit at all https://t.co/JHt1bveFcv,Wed Jul 11 09:32:04 +0000 2018,45
445,0.0,0.0,1.0,The New York Times,0.0,A Survival Guide for the Fourth Trimester https://t.co/jefc7cf3YD,Wed Jul 11 09:11:02 +0000 2018,46
446,0.0,0.0,1.0,The New York Times,0.0,"With Prime Day coming up, here's how our colleagues at @wirecutter, a New York Times company, are picking the best‚Ä¶ https://t.co/ITrX10agd1",Wed Jul 11 09:04:41 +0000 2018,47
447,-0.5423,0.2,0.8,The New York Times,0.0,Feature: Her Husband Was a Princeton Graduate Student. Then He Was Taken Prisoner in Iran. https://t.co/9hGbWLOAS1,Wed Jul 11 08:46:49 +0000 2018,48
448,-0.1263,0.113,0.795,The New York Times,0.092,RT @nytimesworld: The prospect that President Trump will acknowledge the annexation of Crimea is deeply worrying for other nations with lar‚Ä¶,Wed Jul 11 08:33:04 +0000 2018,49
449,0.6249,0.0,0.709,The New York Times,0.291,10 great last-minute summer getaways you can book in July https://t.co/fheSNhHvLx,Wed Jul 11 08:06:41 +0000 2018,50
450,0.2235,0.0,0.918,The New York Times,0.082,"In China, Big Brother is watching, and not hiding it. Cameras and facial recognition are being used to track, and s‚Ä¶ https://t.co/2OzrwQYYcu",Wed Jul 11 07:48:39 +0000 2018,51
451,0.128,0.106,0.766,The New York Times,0.128,"The law, introduced under British rule, is argued to be at odds with both precolonial India's acceptance of homosex‚Ä¶ https://t.co/IDAQKhsxib",Wed Jul 11 07:32:02 +0000 2018,52
452,0.6369,0.0,0.682,The New York Times,0.318,How to Start Knitting (and Learn to Love It) https://t.co/U8Ci38ijvr,Wed Jul 11 07:05:37 +0000 2018,53
453,0.5106,0.0,0.852,The New York Times,0.148,"Rescue divers in Thailand navigated flooded passages, with some openings as small as 3 feet wide and 2 feet tall, t‚Ä¶ https://t.co/ai8BT7OYbd",Wed Jul 11 06:49:03 +0000 2018,54
454,-0.128,0.07,0.93,The New York Times,0.0,New Zealand's nurses plan a 24-hour strike over what they say is excessive unpaid overtime. And it's not the only s‚Ä¶ https://t.co/9DS71jfClu,Wed Jul 11 06:32:04 +0000 2018,55
455,0.5514,0.0,0.835,The New York Times,0.165,Have you been brushing up on relative clauses? Subject-verb agreement? Test your skills in our copy editing quiz. https://t.co/76A5hBzRoK,Wed Jul 11 06:06:32 +0000 2018,56
456,-0.4939,0.151,0.849,The New York Times,0.0,"In Opinion 

Jenni Russell writes, ""Britain is teetering on the edge, on the verge of making catastrophic, irrevers‚Ä¶ https://t.co/2CAYQ2h3Wz",Wed Jul 11 05:49:28 +0000 2018,57
457,0.8834,0.052,0.59,The New York Times,0.357,RT @NYTNational: A beauty pageant winner gave up her crown after a skit at the Miss Massachusetts competition poked fun at the #MeToo movem‚Ä¶,Wed Jul 11 05:32:05 +0000 2018,58
458,0.1901,0.0,0.741,The New York Times,0.259,"Like Brexit, but More Orange https://t.co/qFrtn1wJ9k",Wed Jul 11 05:24:41 +0000 2018,59
459,-0.7443,0.301,0.699,The New York Times,0.0,An attempt to send displaced Nigerians home is raising fears that the countryside isn't ready ‚Äî or safe enough ‚Äî fo‚Ä¶ https://t.co/z2IEeUxGcJ,Wed Jul 11 05:02:04 +0000 2018,60
460,0.5574,0.0,0.805,The New York Times,0.195,Tesla said it had reached an agreement to build a factory in Shanghai ‚Äî its first plant outside the U.S. ‚Äî that wou‚Ä¶ https://t.co/9qlXThM5ym,Wed Jul 11 04:42:04 +0000 2018,61
461,-0.6249,0.24,0.76,The New York Times,0.0,"At a Kentucky restaurant taking on the opioid crisis, cooking is ‚Äú100 percent therapy‚Äù https://t.co/78UEbgpU0P",Wed Jul 11 04:21:01 +0000 2018,62
462,-0.7096,0.258,0.742,The New York Times,0.0,"The dancing FBI agent facing a felony charge after authorities said his gun discharged at a Colorado club, will be‚Ä¶ https://t.co/avtoiCkGIW",Wed Jul 11 04:02:06 +0000 2018,63
463,0.0,0.0,1.0,The New York Times,0.0,RT @nytimesbooks: The book has been aptly dubbed ‚Äú‚ÄòThe West Wing‚Äô meets ‚ÄòDevil Wears Prada.‚Äô‚Äù I see it more as C-SPAN meets ‚ÄúSex and the Ci‚Ä¶,Wed Jul 11 03:47:03 +0000 2018,64
464,-0.3182,0.124,0.813,The New York Times,0.062,"Our reporter @johnismay, a former U.S. Navy diving officer, sheds light on the obstacles to guiding the Thai childr‚Ä¶ https://t.co/Wcqnrx9y2e",Wed Jul 11 03:32:06 +0000 2018,65
465,0.6249,0.0,0.709,The New York Times,0.291,10 great last-minute summer getaways you can book in July https://t.co/Dm0mDcXkds,Wed Jul 11 03:17:04 +0000 2018,66
466,0.5574,0.0,0.783,The New York Times,0.217,"From @NYTGraphics: Brett Kavanaugh followed the narrow, elite path of Supreme Court justices https://t.co/ogFkaVLnXw",Wed Jul 11 03:02:05 +0000 2018,67
467,0.4404,0.094,0.694,The New York Times,0.212,Several of the boys saved from a Thai cave knew hardship as refugees in Myanmar. One multilingual boy played a crit‚Ä¶ https://t.co/xDaYd7YWkA,Wed Jul 11 02:32:02 +0000 2018,68
468,-0.4019,0.156,0.844,The New York Times,0.0,"RT @nytimesarts: From Whoopi to ""Sorry to Bother You,"" a brief history of black performers using the ""white voice"" in pop culture https://t‚Ä¶",Wed Jul 11 02:17:03 +0000 2018,69
469,-0.2023,0.13,0.87,The New York Times,0.0,Are you a grammar geek? Test your editing skills in our new quiz. https://t.co/xR6unUtqL0,Wed Jul 11 02:02:05 +0000 2018,70
470,0.2023,0.0,0.904,The New York Times,0.096,Facebook was hit with a maximum possible fine in Britain after a government agency concluded its lax policies allow‚Ä¶ https://t.co/7uPg7NRTWN,Wed Jul 11 01:47:03 +0000 2018,71
471,0.0,0.0,1.0,The New York Times,0.0,Evening Briefing: Here's what you need to know at the end of the day https://t.co/BWfoU3RmkD,Wed Jul 11 01:32:06 +0000 2018,72
472,0.6249,0.0,0.854,The New York Times,0.146,"RT @JanePerlez: 1. Hi, everyone. Here's my story, a great tale about the de facto last imperial ruler of China -- who happens to have been‚Ä¶",Wed Jul 11 01:17:02 +0000 2018,73
473,0.4404,0.0,0.847,The New York Times,0.153,"Breaking News: Hundreds of migrant families will be released wearing ankle monitors, effectively returning the U.S.‚Ä¶ https://t.co/9NbE1TpQNJ",Wed Jul 11 01:00:09 +0000 2018,74
474,-0.5095,0.141,0.859,The New York Times,0.0,"Two of the most heartbreaking letters are ones Nelson Mandela wrote after the deaths of his mother and eldest son,‚Ä¶ https://t.co/TFOkSOT38Q",Wed Jul 11 00:47:02 +0000 2018,75
475,-0.5994,0.17,0.83,The New York Times,0.0,"President Trump raised the stakes in the trade war with China, as his advisers announced an additional $200 billion‚Ä¶ https://t.co/CuWhMf0BS0",Wed Jul 11 00:32:04 +0000 2018,76
476,0.0,0.0,1.0,The New York Times,0.0,RT @nytfood: Turmeric and cardamom frozen yogurt https://t.co/agqHeZeHOX https://t.co/B38DMwOO3b,Wed Jul 11 00:17:06 +0000 2018,77
477,0.0,0.0,1.0,The New York Times,0.0,"How rescuers pulled off the impossible in Thailand: A mix of trial-and-error, improvisation, skill, massive water p‚Ä¶ https://t.co/jUYojTnrj7",Wed Jul 11 00:02:05 +0000 2018,78
478,-0.5574,0.159,0.841,The New York Times,0.0,The governor of Puerto Rico has called for a police officer to be fired over a flag incident caught on video https://t.co/5N7vxBP4qc,Tue Jul 10 23:47:00 +0000 2018,79
479,0.5106,0.0,0.852,The New York Times,0.148,"Rescue divers in Thailand navigated flooded passages, with some openings as small as 3 feet wide and 2 feet tall, t‚Ä¶ https://t.co/5TvodSSn9s",Tue Jul 10 23:32:06 +0000 2018,80
480,-0.8511,0.328,0.672,The New York Times,0.0,"RT @nytimesbusiness: In a global economy suddenly full of worries, Turkey is the place that looks most at risk of delivering a crisis https‚Ä¶",Tue Jul 10 23:17:05 +0000 2018,81
481,0.4767,0.068,0.724,The New York Times,0.208,"The Trump administration said it was cutting grants, again, to nonprofits that help people get health insurance und‚Ä¶ https://t.co/C37OqrS2Jy",Tue Jul 10 23:02:04 +0000 2018,82
482,0.0,0.0,1.0,The New York Times,0.0,Evening Briefing: Here's what you need to know at the end of the day https://t.co/6DmR55YEdU,Tue Jul 10 22:47:01 +0000 2018,83
483,0.4215,0.0,0.851,The New York Times,0.149,The rescued Thai soccer team represents more than just sports ‚Äî it's also a haven for stateless children https://t.co/8U90LU0vvp,Tue Jul 10 22:30:08 +0000 2018,84
484,0.4215,0.0,0.877,The New York Times,0.123,"RT @nytopinion: Indian leaders are bent on attributing human progress to religious texts written thousands of years ago, reversing the buil‚Ä¶",Tue Jul 10 22:17:03 +0000 2018,85
485,0.0,0.0,1.0,The New York Times,0.0,A federal judge in Manhattan said it appeared that the Commerce Department had acted in ‚Äúbad faith‚Äù in deciding to‚Ä¶ https://t.co/klZVOOvVXV,Tue Jul 10 22:02:05 +0000 2018,86
486,-0.4404,0.153,0.847,The New York Times,0.0,"Racing against time, the surgeon injected a billion mitochondria into the baby's damaged heart muscle. Within 2 day‚Ä¶ https://t.co/31Pm5dJLk0",Tue Jul 10 21:47:03 +0000 2018,87
487,0.4404,0.09,0.717,The New York Times,0.194,"How do wildfires end up with names like Witch, Not Creative or 416? The clue, unlike for hurricanes, is often in th‚Ä¶ https://t.co/e5zgh5OFdf",Tue Jul 10 21:32:03 +0000 2018,88
488,0.4939,0.0,0.84,The New York Times,0.16,RT @AndrewDasNYT: Why does every player do this? Because they can‚Äôt help it. A study of human behavior that even extends into the stands. h‚Ä¶,Tue Jul 10 21:17:06 +0000 2018,89
489,0.296,0.0,0.896,The New York Times,0.104,"In his past 9 years in Real Madrid, Cristiano Ronaldo raised the prospect of his own departure half a dozen times.T‚Ä¶ https://t.co/ssBjyaDmeM",Tue Jul 10 21:01:06 +0000 2018,90
490,0.8271,0.0,0.674,The New York Times,0.326,"To help the Thai soccer team rescue, Elon Musk dreamed up a ‚Äúkid-size‚Äù submarine to help. It turns out they didn‚Äôt‚Ä¶ https://t.co/XAaxU1sVuF",Tue Jul 10 20:45:06 +0000 2018,91
491,0.1027,0.0,0.931,The New York Times,0.069,"In Michael Avenatti‚Äôs own words, he‚Äôs a mercenary. That‚Äôs what people hire him for, and he won‚Äôt apologize for it. https://t.co/0qlYZqhBJU",Tue Jul 10 20:30:06 +0000 2018,92
492,0.5267,0.0,0.841,The New York Times,0.159,The differences between Judge Brett Kavanaugh and Justice Anthony Kennedy are especially visible when it comes to c‚Ä¶ https://t.co/lCoutHWjMN,Tue Jul 10 20:15:07 +0000 2018,93
493,0.4588,0.0,0.833,The New York Times,0.167,"After 9 years at Real Madrid, Ronaldo is taking his talents to Juventus for $110 million https://t.co/NZzjtsXZEf",Tue Jul 10 20:08:02 +0000 2018,94
494,0.0,0.0,1.0,The New York Times,0.0,Eat this by the bowl as is or toss it with cooked rice or beans for a more filling salad https://t.co/mEhHw1tMeP https://t.co/ywtyR1j77s,Tue Jul 10 20:00:16 +0000 2018,95
495,0.0,0.0,1.0,The New York Times,0.0,"France beat Belgium, 1-0, to advance to the World Cup final. It will face England or Croatia.  https://t.co/Gi7OD39fPQ",Tue Jul 10 19:54:15 +0000 2018,96
496,0.0,0.0,1.0,The New York Times,0.0,There have been 23 goals scored in the 90th minute and second-half stoppage time so far in this World Cup‚Ä¶ https://t.co/AdyKL6Fz59,Tue Jul 10 19:48:45 +0000 2018,97
497,-0.3818,0.175,0.825,The New York Times,0.0,"Democrats know they will have a difficult time persuading the Senate to reject Judge Brett Kavanaugh, but they have‚Ä¶ https://t.co/0428CLwKuI",Tue Jul 10 19:45:06 +0000 2018,98
498,0.0,0.0,1.0,The New York Times,0.0,A prosecutor is under investigation for posting ‚Äúdiscriminatory comments‚Äù on social media that reportedly took aim‚Ä¶ https://t.co/CHs71y4KTk,Tue Jul 10 19:30:10 +0000 2018,99
499,-0.4019,0.13,0.87,The New York Times,0.0,"George Clooney is ‚Äúrecovering at home and will be fine,‚Äù his publicist said, following a scooter crash in Italy https://t.co/4WCPagVYej",Tue Jul 10 19:20:08 +0000 2018,100
